Geo_NAME,Geo_QName,Geo_FIPS,Geo_SUMLEV,Geo_GEOCOMP,Geo_STATE,Geo_COUNTY,Geo_COUNTYSC,Geo_COUSUB,Geo_TRACT,SE_T001_001,SE_T002_001,SE_T002_002,SE_T002_006,SE_T02A_001,SE_T02A_002,SE_T02A_003,SE_T003_001,SE_T003_002,SE_T003_003,SE_T008_001,SE_T008_002,SE_T008_003,SE_T008_004,SE_T008_005,SE_T008_006,SE_T008_007,SE_T008_008,SE_T008_009,SE_T008_010,SE_T008_011,SE_T008_012,SE_T008_013,SE_T044_001,SE_T044_002,SE_T044_003,SE_T054_001,SE_T054_002,SE_T054_003,SE_T054_004,SE_T054_005,SE_T054_006,SE_T054_007,SE_T054_008,SE_T055_001,SE_T055_002,SE_T055_003,SE_T055_004,SE_T055_005,SE_T055_006,SE_T055_007,SE_T055_008,SE_T055_009,SE_T055_010,SE_T055_011,SE_T055_012,SE_T055_013,SE_T055_014,SE_T055_015,SE_T055_016,SE_T055_017,SE_T058_001,SE_T058_002,SE_T058_003,SE_T058_004,SE_T058_005,SE_T058_006,SE_T058_007,SE_T058_008,SE_T058_009,SE_T063_001,SE_T063_002,SE_T063_003,SE_T063_004,SE_T063_005,SE_T063_006,SE_T063_007,SE_T063_008,SE_T063_009,SE_T063_010,SE_T063_011,SE_T063_012,SE_T063_013,SE_T063_014,SE_T063_015,SE_T063_016,SE_T063_017,SE_T063_018,SE_T068_001,SE_T069_001,SE_T069_002,SE_T069_003,SE_T070_001,SE_T070_002,SE_T070_003,SE_T071_001,SE_T071_002,SE_T071_003,SE_T071_004
"Census Tract 9701","Census Tract 9701, Columbia County, Wisconsin","55021970100","140","00","55","021","17",,"970100",4153,4153,29.18427,142.302682483471,143.2971,142.3027,0.9944451,4153,2116,2037,4153,312,351,345,185,300,471,475,660,507,288,193,66,37.7,37.2,38.3,4153,4022,17,6,13,0,63,32,4153,3995,3941,16,6,13,0,2,17,158,81,1,0,0,0,61,15,1524,1135,940,195,69,126,389,329,60,4153,4153,3690,1135,940,1426,56,7,24,25,77,463,329,60,74,0,0,0,1657,1524,1271,253,1657,1524,133,133,32,58,43
"Census Tract 9702","Census Tract 9702, Columbia County, Wisconsin","55021970200","140","00","55","021","17",,"970200",5868,5868,81.0565,72.3939415935518,75.00928,72.39394,2.615342,5868,2932,2936,5868,400,340,434,243,370,645,780,915,786,467,328,160,41.3,40.2,43.1,5868,5732,13,13,34,7,30,39,5868,5768,5672,13,11,34,7,0,31,100,60,0,2,0,0,30,8,2316,1592,1297,295,106,189,724,588,136,5868,5742,4862,1592,1297,1648,86,24,19,54,142,880,588,136,156,126,122,4,2600,2316,1820,496,2600,2316,284,284,47,200,37
"Census Tract 9704","Census Tract 9704, Columbia County, Wisconsin","55021970400","140","00","55","021","17",,"970400",6557,6557,496.3343,13.2108550309886,14.83753,13.21086,1.626679,6557,3612,2945,6557,397,385,368,212,540,1071,951,948,677,394,388,226,38.1,36.4,41.2,6557,5859,449,70,44,4,50,81,6557,6304,5687,441,60,44,0,0,72,253,172,8,10,0,4,50,9,2569,1442,1046,396,116,280,1127,958,169,6557,5660,4326,1442,1046,1521,65,24,21,38,169,1334,958,169,207,897,897,0,3010,2569,1360,1209,3010,2569,441,441,195,196,50
"Census Tract 9705","Census Tract 9705, Columbia County, Wisconsin","55021970500","140","00","55","021","17",,"970500",4316,4316,765.9464,5.63485931208948,5.705992,5.634859,0.07113315,4316,2220,2096,4316,275,298,294,182,379,677,638,644,467,209,188,65,35.8,35.3,36.6,4316,4065,70,27,36,0,28,90,4316,4139,3938,65,22,36,0,0,78,177,127,5,5,0,0,28,12,1707,1059,723,336,114,222,648,502,146,4316,4086,3250,1059,723,1167,54,37,20,49,141,836,502,146,188,230,211,19,1835,1707,1098,609,1835,1707,128,128,43,37,48
"Census Tract 9706","Census Tract 9706, Columbia County, Wisconsin","55021970600","140","00","55","021","17",,"970600",4632,4632,44.60643,103.841518956845,111.7411,103.8415,7.899596,4632,2369,2263,4632,167,269,281,193,204,370,647,797,825,540,263,76,47.8,47.4,48.3,4632,4530,13,17,19,2,23,28,4632,4574,4495,13,16,19,2,3,26,58,35,0,1,0,0,20,2,1927,1424,1257,167,78,89,503,394,109,4632,4615,3975,1424,1257,1114,42,16,24,37,61,640,394,109,137,17,7,10,2289,1927,1730,197,2289,1927,362,362,11,314,37
"Census Tract 9707","Census Tract 9707, Columbia County, Wisconsin","55021970700","140","00","55","021","17",,"970700",4206,4206,104.3007,40.3257127060048,43.49235,40.32571,3.16664,4206,2115,2091,4206,252,258,297,170,260,452,614,757,592,362,138,54,41.9,41.2,42.6,4206,4098,26,25,11,1,3,42,4206,4163,4062,26,24,11,1,0,39,43,36,0,1,0,0,3,3,1767,1173,942,231,81,150,594,492,102,4206,4200,3481,1173,942,1146,61,17,23,30,89,719,492,102,125,6,0,6,2096,1767,1372,395,2096,1767,329,329,42,243,44
"Census Tract 9708","Census Tract 9708, Columbia County, Wisconsin","55021970800","140","00","55","021","17",,"970800",5605,5605,118.0917,47.4631079371796,49.58931,47.46311,2.126199,5605,2766,2839,5605,309,378,457,258,341,536,755,1003,737,437,265,129,42.6,41.9,43.4,5605,5427,16,23,39,5,48,47,5605,5508,5391,15,17,39,5,1,40,97,36,1,6,0,0,47,7,2202,1546,1281,265,90,175,656,544,112,5605,5539,4756,1546,1281,1659,59,25,18,57,111,783,544,112,127,66,66,0,2692,2202,1693,509,2692,2202,490,490,27,437,26
"Census Tract 9709","Census Tract 9709, Columbia County, Wisconsin","55021970900","140","00","55","021","17",,"970900",4695,4695,93.73272,50.0892328458665,55.47279,50.08923,5.383555,4695,2401,2294,4695,279,318,324,189,259,544,673,761,715,417,172,44,41.6,41.8,41.5,4695,4579,21,13,22,6,16,38,4695,4637,4538,20,13,22,5,2,37,58,41,1,0,0,1,14,1,1842,1405,1223,182,74,108,437,318,119,4695,4695,4107,1405,1223,1292,35,15,19,34,84,588,318,119,151,0,0,0,2247,1842,1629,213,2247,1842,405,405,9,359,37
"Census Tract 9710","Census Tract 9710, Columbia County, Wisconsin","55021971000","140","00","55","021","17",,"971000",3971,3971,36.90991,107.586289975089,109.8478,107.5863,2.261467,3971,2035,1936,3971,210,231,250,168,245,423,534,760,598,302,182,68,43.8,43.4,44.1,3971,3893,6,22,5,1,20,24,3971,3911,3863,4,15,4,1,2,22,60,30,2,7,1,0,18,2,1627,1161,962,199,85,114,466,359,107,3971,3971,3378,1161,962,1047,43,27,26,29,83,593,359,107,127,0,0,0,1730,1627,1351,276,1730,1627,103,103,16,48,39
"Census Tract 9711","Census Tract 9711, Columbia County, Wisconsin","55021971100","140","00","55","021","17",,"971100",3622,3622,38.96386,92.9579349402391,93.74367,92.95793,0.7857307,3622,1805,1817,3622,263,258,272,197,281,396,535,581,420,250,131,38,38.5,38.4,38.6,3622,3493,18,2,25,0,30,54,3622,3535,3445,18,2,24,0,3,43,87,48,0,0,1,0,27,11,1334,1010,827,183,80,103,324,243,81,3622,3562,3146,1010,827,1121,32,24,24,30,78,416,243,81,92,60,0,60,1441,1334,1018,316,1441,1334,107,107,19,67,21
"Census Tract 9712","Census Tract 9712, Columbia County, Wisconsin","55021971200","140","00","55","021","17",,"971200",5200,5200,322.3756,16.1302538853462,16.2309,16.13025,0.1006426,5200,2547,2653,5200,345,349,325,214,362,760,665,846,596,352,255,131,38.8,37.5,40,5200,4979,48,13,32,1,57,70,5200,5035,4889,46,10,31,1,2,56,165,90,2,3,1,0,55,14,2214,1396,1081,315,100,215,818,678,140,5200,5155,4171,1396,1081,1442,58,27,13,33,121,984,678,140,166,45,45,0,2384,2214,1452,762,2384,2214,170,170,74,61,35
"Census Tract 1","Census Tract 1, Dane County, Wisconsin","55025000100","140","00","55","025","19",,"000100",2604,2604,3239.636,0.803794071632764,0.8037941,0.8037941,0,2604,1265,1339,2604,159,115,96,72,203,562,318,357,393,184,93,52,37.7,38.2,37,2604,2176,139,19,129,1,40,100,2604,2404,2053,134,11,129,0,3,74,200,123,5,8,0,1,37,26,1279,644,508,136,36,100,635,470,165,2604,2599,1781,644,508,525,12,18,18,20,36,818,470,165,183,5,0,5,1375,1279,870,409,1375,1279,96,96,25,61,10
"Census Tract 2.01","Census Tract 2.01, Dane County, Wisconsin","55025000201","140","00","55","025","19",,"000201",2149,2149,2983.716,0.720242719271286,0.7214354,0.7202427,0.00119267,2149,1042,1107,2149,96,101,109,71,108,287,280,318,379,209,148,43,45.8,44,48.1,2149,1897,38,12,113,0,35,54,2149,2079,1862,37,9,113,0,7,51,70,35,1,3,0,0,28,3,1016,610,512,98,33,65,406,312,94,2149,2149,1627,610,512,446,5,17,11,9,17,522,312,94,116,0,0,0,1045,1016,822,194,1045,1016,29,29,4,20,5
"Census Tract 2.02","Census Tract 2.02, Dane County, Wisconsin","55025000202","140","00","55","025","19",,"000202",3016,3016,3258.148,0.925679192336026,0.9256792,0.9256792,0,3016,1441,1575,3016,116,154,197,113,191,443,354,444,490,266,189,59,43.6,41.6,45.3,3016,2562,85,3,253,0,36,77,3016,2884,2478,83,3,252,0,3,65,132,84,2,0,1,0,33,12,1403,813,690,123,34,89,590,473,117,3016,3004,2279,813,690,698,12,22,8,18,18,725,473,117,135,12,0,12,1495,1403,849,554,1495,1403,92,92,52,27,13
"Census Tract 2.04","Census Tract 2.04, Dane County, Wisconsin","55025000204","140","00","55","025","19",,"000204",5012,5012,4845.293,1.0344059509156,1.034406,1.034406,0,5012,2360,2652,5012,360,278,232,157,501,1013,566,574,687,373,220,51,34.5,33.2,36,5012,3479,459,16,805,0,95,158,5012,4736,3342,451,12,801,0,4,126,276,137,8,4,4,0,91,32,2423,1301,988,313,45,268,1122,917,205,5012,5002,3650,1301,988,1203,26,30,21,33,48,1352,917,205,230,10,0,10,2569,2423,1203,1220,2569,2423,146,146,83,53,10
"Census Tract 2.05","Census Tract 2.05, Dane County, Wisconsin","55025000205","140","00","55","025","19",,"000205",5131,5131,3244.715,1.58134091740966,1.5942,1.581341,0.01285913,5131,2371,2760,5131,211,256,317,222,315,532,516,902,1009,473,277,101,47.7,45.8,49,5131,4537,75,9,350,2,49,109,5131,4989,4446,73,9,349,2,8,102,142,91,2,0,1,0,41,7,2358,1407,1251,156,38,118,951,800,151,5131,5127,4010,1407,1251,1242,10,20,17,23,40,1117,800,151,166,4,0,4,2469,2358,1707,651,2469,2358,111,111,52,45,14
"Census Tract 3","Census Tract 3, Dane County, Wisconsin","55025000300","140","00","55","025","19",,"000300",5380,5380,5913.97,0.909710392480583,0.9097104,0.9097104,0,5380,2476,2904,5380,229,219,186,106,598,1352,545,559,616,393,353,224,35,33.3,37.7,5380,3708,159,18,1315,1,49,130,5380,5208,3601,154,18,1313,1,7,114,172,107,5,0,2,0,42,16,2950,1151,943,208,47,161,1799,1393,406,5380,5375,3117,1151,943,857,10,58,22,37,39,2258,1393,406,459,5,5,0,3130,2950,907,2043,3130,2950,180,180,61,109,10
"Census Tract 4.01","Census Tract 4.01, Dane County, Wisconsin","55025000401","140","00","55","025","19",,"000401",3148,3148,4489.535,0.701186260322442,0.7011862,0.7011862,0,3148,1471,1677,3148,182,188,175,111,134,368,414,538,492,269,179,98,45,44,45.5,3148,2906,27,13,120,1,19,62,3148,3089,2875,27,8,119,1,7,52,59,31,0,5,1,0,12,10,1400,870,728,142,34,108,530,395,135,3148,3148,2459,870,728,764,20,8,11,22,36,689,395,135,159,0,0,0,1473,1400,1258,142,1473,1400,73,73,1,55,17
"Census Tract 4.02","Census Tract 4.02, Dane County, Wisconsin","55025000402","140","00","55","025","19",,"000402",2451,2451,2263.716,1.08273320185267,1.111372,1.082733,0.02863836,2451,1172,1279,2451,143,134,144,92,126,348,319,361,371,206,158,49,42.4,41.3,43.6,2451,2048,84,21,162,1,77,58,2451,2290,1977,84,11,161,1,3,53,161,71,0,10,1,0,74,5,1054,696,580,116,31,85,358,274,84,2451,2442,1991,696,580,599,23,30,13,21,29,451,274,84,93,9,0,9,1090,1054,843,211,1090,1054,36,36,12,14,10
"Census Tract 4.05","Census Tract 4.05, Dane County, Wisconsin","55025000405","140","00","55","025","19",,"000405",5761,5761,3457.509,1.66622856939878,1.683836,1.666229,0.01760703,5761,2869,2892,5761,356,298,236,120,861,1627,837,614,468,231,86,27,29.7,29.4,30,5761,4265,292,25,757,1,236,185,5761,5186,4001,281,23,754,1,4,122,575,264,11,2,3,0,232,63,2863,1221,917,304,97,207,1642,1157,485,5761,5753,3579,1221,917,1141,18,74,43,58,107,2174,1157,485,532,8,0,8,3079,2863,1020,1843,3079,2863,216,216,138,57,21
"Census Tract 4.06","Census Tract 4.06, Dane County, Wisconsin","55025000406","140","00","55","025","19",,"000406",2968,2968,2399.613,1.23686596231334,1.237112,1.236866,0.0002463332,2968,1358,1610,2968,190,102,91,38,319,889,363,180,226,124,200,246,32.8,31.8,33.9,2968,2413,58,5,403,0,39,50,2968,2874,2359,57,3,402,0,9,44,94,54,1,2,1,0,30,6,1548,592,511,81,20,61,956,720,236,2968,2911,1673,592,511,460,9,22,23,22,34,1238,720,236,282,57,48,9,1657,1548,614,934,1657,1548,109,109,63,43,3
"Census Tract 4.07","Census Tract 4.07, Dane County, Wisconsin","55025000407","140","00","55","025","19",,"000407",5661,5661,5323.288,1.06344044837273,1.068595,1.06344,0.00515485,5661,2752,2909,5661,446,449,434,237,455,1031,737,698,680,338,138,18,32.5,31.4,33.6,5661,3625,1205,19,269,1,263,279,5661,5085,3404,1168,17,269,1,12,214,576,221,37,2,0,0,251,65,2190,1420,960,460,95,365,770,547,223,5661,5661,4606,1420,960,1766,89,47,33,109,182,1055,547,223,285,0,0,0,2296,2190,1310,880,2296,2190,106,106,65,28,13
"Census Tract 4.08","Census Tract 4.08, Dane County, Wisconsin","55025000408","140","00","55","025","19",,"000408",1685,1685,1115.542,1.5104764964162,1.520169,1.510476,0.009692322,1685,619,1066,1685,22,8,7,13,105,191,77,101,134,169,380,478,75.7,62.9,79.3,1685,1530,59,9,29,0,27,31,1685,1612,1492,55,9,29,0,1,26,73,38,4,0,0,0,26,5,1228,246,186,60,18,42,982,927,55,1685,1583,542,246,186,67,6,14,6,2,15,1041,927,55,59,102,102,0,1400,1228,124,1104,1400,1228,172,172,157,13,2
"Census Tract 5.01","Census Tract 5.01, Dane County, Wisconsin","55025000501","140","00","55","025","19",,"000501",4670,4670,3609.217,1.29390946985083,1.295603,1.293909,0.001693058,4670,2253,2417,4670,311,272,273,179,320,670,574,649,660,400,272,90,40,38.1,41.3,4670,3650,508,22,187,4,158,141,4670,4333,3510,487,21,186,4,2,123,337,140,21,1,1,0,156,18,2001,1282,987,295,73,222,719,563,156,4670,4662,3744,1282,987,1217,56,32,24,56,90,918,563,156,199,8,0,8,2109,2001,1390,611,2109,2001,108,108,72,29,7
"Census Tract 5.03","Census Tract 5.03, Dane County, Wisconsin","55025000503","140","00","55","025","19",,"000503",7033,7033,5390.491,1.30470488666357,1.304705,1.304705,0,7033,3440,3593,7033,575,451,464,262,756,1487,941,930,766,261,120,20,31.2,30.9,31.5,7033,5098,804,32,368,0,457,274,7033,6283,4863,794,24,368,0,10,224,750,235,10,8,0,0,447,50,2879,1751,1289,462,104,358,1128,759,369,7033,7026,5465,1751,1289,1994,55,74,41,92,169,1561,759,369,433,7,0,7,3015,2879,1515,1364,3015,2879,136,136,110,19,7
"Census Tract 5.04","Census Tract 5.04, Dane County, Wisconsin","55025000504","140","00","55","025","19",,"000504",6738,6738,3512.129,1.91849421696162,1.918494,1.918494,0,6738,3366,3372,6738,663,416,320,181,525,1876,1059,771,648,189,65,25,31.3,30.8,31.9,6738,5340,499,20,459,4,186,230,6738,6245,5096,488,20,456,4,10,171,493,244,11,0,3,0,176,59,2875,1703,1353,350,97,253,1172,834,338,6738,6731,5179,1703,1353,1757,28,68,34,83,153,1552,834,338,380,7,0,7,3060,2875,1762,1113,3060,2875,185,185,108,70,7
"Census Tract 6","Census Tract 6, Dane County, Wisconsin","55025000600","140","00","55","025","19",,"000600",5647,5647,4644.574,1.21582725479809,1.263825,1.215827,0.04799791,5647,2834,2813,5647,669,544,397,219,657,1292,687,572,386,151,65,8,27.5,27.4,27.6,5647,2743,1213,73,330,6,1032,250,5647,3661,1938,1177,29,324,6,12,175,1986,805,36,44,6,0,1020,75,2064,1274,665,609,173,436,790,557,233,5647,5641,4561,1274,665,1915,90,122,63,190,242,1080,557,233,290,6,0,6,2296,2064,566,1498,2296,2064,232,232,190,31,11
"Census Tract 7","Census Tract 7, Dane County, Wisconsin","55025000700","140","00","55","025","19",,"000700",3211,3211,3618.583,0.887363956898642,0.887364,0.887364,0,3211,1517,1694,3211,220,194,183,110,171,388,479,486,544,249,133,54,41.8,41,42.6,3211,2902,151,5,65,1,23,64,3211,3119,2850,147,2,64,1,0,55,92,52,4,3,1,0,23,9,1363,883,754,129,33,96,480,358,122,3211,3166,2544,883,754,815,21,15,8,15,33,622,358,122,142,45,45,0,1447,1363,1091,272,1447,1363,84,84,47,20,17
"Census Tract 8","Census Tract 8, Dane County, Wisconsin","55025000800","140","00","55","025","19",,"000800",3557,3557,4822.125,0.737641641582895,0.7376416,0.7376416,0,3557,1714,1843,3557,177,142,131,77,332,804,455,494,500,217,145,83,37.3,35,39.7,3557,3119,74,11,224,0,25,104,3557,3421,3027,72,9,224,0,2,87,136,92,2,2,0,0,23,17,1790,846,686,160,43,117,944,652,292,3557,3555,2247,846,686,626,5,18,11,15,40,1308,652,292,364,2,0,2,1847,1790,1133,657,1847,1790,57,57,19,22,16
"Census Tract 9.01","Census Tract 9.01, Dane County, Wisconsin","55025000901","140","00","55","025","19",,"000901",2142,2142,8599.103,0.249095748706172,0.2490958,0.2490958,0,2142,1078,1064,2142,130,150,156,84,212,176,300,313,383,154,64,20,41,39.8,42.4,2142,1970,27,7,76,0,14,48,2142,2074,1930,24,4,74,0,5,37,68,40,3,3,2,0,9,11,839,549,488,61,12,49,290,206,84,2142,2136,1668,549,488,585,5,13,2,9,17,468,206,84,178,6,0,6,877,839,662,177,877,839,38,38,4,30,4
"Census Tract 9.02","Census Tract 9.02, Dane County, Wisconsin","55025000902","140","00","55","025","19",,"000902",5310,5310,10196.5,0.520766891584054,0.5207669,0.5207669,0,5310,2715,2595,5310,137,131,130,91,2476,956,320,362,442,158,82,25,24.1,24.1,24.1,5310,4546,74,13,525,1,32,119,5310,5171,4453,69,12,525,1,8,103,139,93,5,1,0,0,24,16,2466,705,591,114,43,71,1761,947,814,5310,5214,1996,705,591,560,1,40,5,17,77,3218,947,814,1457,96,6,90,2515,2466,772,1694,2515,2466,49,49,9,21,19
"Census Tract 10","Census Tract 10, Dane County, Wisconsin","55025001000","140","00","55","025","19",,"001000",2301,2301,3791.984,0.606806286361172,0.6068063,0.6068063,0,2301,982,1319,2301,110,133,115,53,514,282,306,257,326,138,45,22,32.8,35.2,30.7,2301,2140,42,1,43,0,13,62,2301,2253,2111,39,1,43,0,2,57,48,29,3,0,0,0,11,5,832,496,430,66,17,49,336,228,108,2301,1881,1426,496,430,459,4,9,6,8,14,455,228,108,119,420,0,420,862,832,648,184,862,832,30,30,7,18,5
"Census Tract 11.01","Census Tract 11.01, Dane County, Wisconsin","55025001101","140","00","55","025","19",,"001101",4197,4197,16254.96,0.258198107481579,0.2581981,0.2581981,0,4197,2186,2011,4197,2,1,0,3,3884,160,28,50,58,10,1,0,21,21.3,20.8,4197,3452,114,14,501,1,34,81,4197,4081,3376,110,12,500,1,7,75,116,76,4,2,1,0,27,6,1453,28,3,25,11,14,1425,428,997,4197,4046,72,28,3,3,1,21,1,4,11,3974,428,997,2549,151,0,151,1533,1453,0,1453,1533,1453,80,80,77,1,2
"Census Tract 11.02","Census Tract 11.02, Dane County, Wisconsin","55025001102","140","00","55","025","19",,"001102",3150,3150,7621.07,0.413327783758071,0.4145579,0.4133278,0.001230121,3150,1511,1639,3150,0,0,0,9,3122,18,0,0,0,1,0,0,19.6,19.6,19.5,3150,2595,55,8,362,1,37,92,3150,3021,2520,50,7,362,1,1,80,129,75,5,1,0,0,36,12,52,4,0,4,3,1,48,6,42,3150,183,14,4,0,0,0,0,0,5,5,169,6,42,121,2967,0,2967,55,52,0,52,55,52,3,3,3,0,0
"Census Tract 12","Census Tract 12, Dane County, Wisconsin","55025001200","140","00","55","025","19",,"001200",5890,5890,8386.589,0.70231174816254,0.7193276,0.7023118,0.01701591,5890,3224,2666,5890,177,173,137,94,2563,1085,403,502,456,198,73,29,24.2,24.1,24.5,5890,5023,170,25,452,2,79,139,5890,5627,4864,165,23,447,2,11,115,263,159,5,2,5,0,68,24,2444,763,552,211,76,135,1681,785,896,5890,5881,2272,763,552,689,21,84,8,32,123,3609,785,896,1928,9,0,9,2521,2444,686,1758,2521,2444,77,77,47,11,19
"Census Tract 13","Census Tract 13, Dane County, Wisconsin","55025001300","140","00","55","025","19",,"001300",2401,2401,4206.07,0.570841640965132,0.5710359,0.5708417,0.0001942094,2401,1231,1170,2401,115,104,95,41,199,586,328,330,337,157,80,29,36.7,36.3,37,2401,2081,120,23,68,0,25,84,2401,2291,2007,119,23,65,0,4,73,110,74,1,0,3,0,21,11,1266,494,374,120,45,75,772,577,195,2401,2392,1377,494,374,383,20,28,12,29,37,1015,577,195,243,9,0,9,1317,1266,568,698,1317,1266,51,51,31,8,12
"Census Tract 14.01","Census Tract 14.01, Dane County, Wisconsin","55025001401","140","00","55","025","19",,"001401",5941,5941,3731.035,1.59231973275552,1.612609,1.59232,0.02028967,5941,3092,2849,5941,544,493,446,234,829,1257,765,657,426,185,77,28,28,28.5,27.6,5941,2306,1420,51,793,7,1064,300,5941,3905,1514,1370,35,785,2,8,191,2036,792,50,16,8,5,1056,109,2345,1168,597,571,186,385,1177,869,308,5941,5891,4335,1168,597,1875,88,124,74,164,245,1556,869,308,379,50,0,50,2587,2345,568,1777,2587,2345,242,242,172,22,48
"Census Tract 14.02","Census Tract 14.02, Dane County, Wisconsin","55025001402","140","00","55","025","19",,"001402",5373,5373,1700.098,3.16040537639557,3.747164,3.160405,0.5867591,5373,2721,2652,5373,440,349,275,170,716,1230,662,597,513,267,124,30,29.8,29.7,30,5373,3249,1047,36,206,0,582,253,5373,4332,2879,1030,22,202,0,6,193,1041,370,17,14,4,0,576,60,2327,1223,704,519,145,374,1104,769,335,5373,5368,3866,1223,704,1376,55,102,43,126,237,1502,769,335,398,5,0,5,2533,2327,703,1624,2533,2327,206,206,155,40,11
"Census Tract 14.03","Census Tract 14.03, Dane County, Wisconsin","55025001403","140","00","55","025","19",,"001403",7672,7672,1789.772,4.28657893395645,4.314264,4.286579,0.02768468,7672,3861,3811,7672,666,569,452,254,830,1735,1028,925,694,286,163,70,30.3,29.9,30.8,7672,5411,809,25,428,2,713,284,7672,6184,4769,787,17,419,1,3,188,1488,642,22,8,9,1,710,96,3224,1852,1345,507,165,342,1372,970,402,7672,7659,5806,1852,1345,2083,43,117,44,141,181,1853,970,402,481,13,13,0,3509,3224,1475,1749,3509,3224,285,285,201,76,8
"Census Tract 15.01","Census Tract 15.01, Dane County, Wisconsin","55025001501","140","00","55","025","19",,"001501",1999,1999,4754.982,0.420401175603902,0.4238333,0.4204012,0.003432062,1999,999,1000,1999,147,109,96,73,205,376,242,273,265,119,80,14,34.7,33.9,35.8,1999,1390,283,18,85,0,162,61,1999,1672,1257,277,6,84,0,2,46,327,133,6,12,1,0,160,15,912,473,278,195,53,142,439,306,133,1999,1999,1400,473,278,473,25,21,16,40,74,599,306,133,160,0,0,0,1015,912,403,509,1015,912,103,103,58,42,3
"Census Tract 15.02","Census Tract 15.02, Dane County, Wisconsin","55025001502","140","00","55","025","19",,"001502",5399,5399,1440.605,3.7477320358241,4.222421,3.747732,0.4746891,5399,2715,2684,5399,513,403,303,165,634,1108,810,671,516,196,59,21,30.9,30.9,30.9,5399,3186,804,68,341,3,776,221,5399,3989,2654,788,29,340,3,8,167,1410,532,16,39,1,0,768,54,2279,1139,679,460,132,328,1140,810,330,5399,5399,3878,1139,679,1529,75,88,49,139,180,1521,810,330,381,0,0,0,2465,2279,1083,1196,2465,2279,186,186,137,21,28
"Census Tract 16.03","Census Tract 16.03, Dane County, Wisconsin","55025001603","140","00","55","025","19",,"001603",3414,3414,50310.2,0.0678590016633282,0.067859,0.067859,0,3414,1532,1882,3414,8,0,1,5,3141,184,38,14,18,5,0,0,21.4,21.7,21.3,3414,2625,82,10,563,1,49,84,3414,3291,2560,76,8,562,1,9,75,123,65,6,2,1,0,40,9,1597,41,10,31,14,17,1556,628,928,3414,3414,95,41,10,9,0,25,1,2,7,3319,628,928,1763,0,0,0,1700,1597,3,1594,1700,1597,103,103,97,5,1
"Census Tract 16.04","Census Tract 16.04, Dane County, Wisconsin","55025001604","140","00","55","025","19",,"001604",5053,5053,47737.23,0.105850297375895,0.1058503,0.1058503,0,5053,2510,2543,5053,15,3,1,1,4294,484,81,80,60,26,5,3,21.7,21.9,21.6,5053,4258,129,14,469,2,47,134,5053,4810,4087,125,11,467,2,6,112,243,171,4,3,2,0,41,22,2090,77,33,44,21,23,2013,1184,829,5053,3892,195,77,33,18,0,33,3,9,22,3697,1184,829,1684,1161,0,1161,2191,2090,14,2076,2191,2090,101,101,68,9,24
"Census Tract 16.05","Census Tract 16.05, Dane County, Wisconsin","55025001605","140","00","55","025","19",,"001605",2389,2389,17503.33,0.136488277165763,0.1364883,0.1364883,0,2389,1492,897,2389,15,6,7,4,1259,716,137,116,88,24,15,2,24.4,24.5,24.3,2389,2067,66,10,139,0,49,58,2389,2283,2007,64,8,139,0,15,50,106,60,2,2,0,0,34,8,1420,126,97,29,12,17,1294,871,423,2389,2389,303,126,97,36,2,19,1,5,17,2086,871,423,792,0,0,0,1518,1420,106,1314,1518,1420,98,98,64,33,1
"Census Tract 16.06","Census Tract 16.06, Dane County, Wisconsin","55025001606","140","00","55","025","19",,"001606",5463,5463,33553.97,0.162812337354459,0.1628123,0.1628123,0,5463,2743,2720,5463,7,0,1,5,5054,292,44,25,25,9,1,0,20.2,20.5,19.9,5463,4686,151,14,398,2,53,159,5463,5235,4543,143,13,396,2,2,136,228,143,8,1,2,0,51,23,1170,43,17,26,17,9,1127,474,653,5463,2542,108,43,17,11,0,16,1,4,16,2434,474,653,1307,2921,0,2921,1233,1170,4,1166,1233,1170,63,63,58,2,3
"Census Tract 17.04","Census Tract 17.04, Dane County, Wisconsin","55025001704","140","00","55","025","19",,"001704",3434,3434,21070.53,0.16297643077883,0.1629764,0.1629764,0,3434,2088,1346,3434,22,14,13,13,880,896,390,376,318,162,153,197,32.8,32.1,34.1,3434,2695,510,12,133,1,21,62,3434,3303,2601,504,12,133,1,4,48,131,94,6,0,0,0,17,14,1597,271,238,33,14,19,1326,1038,288,3434,2314,593,271,238,45,0,17,1,5,16,1721,1038,288,395,1120,959,161,1891,1597,431,1166,1891,1597,294,294,200,94,0
"Census Tract 17.05","Census Tract 17.05, Dane County, Wisconsin","55025001705","140","00","55","025","19",,"001705",4073,4073,15146.28,0.268910898428873,0.2689109,0.2689109,0,4073,2264,1809,4073,42,14,13,13,1679,1491,277,212,192,96,35,9,25.8,26.4,25.2,4073,3569,130,9,182,0,61,122,4073,3878,3450,127,7,181,0,12,101,195,119,3,2,1,0,49,21,2531,275,195,80,29,51,2256,1500,756,4073,4069,664,275,195,81,3,42,4,14,50,3405,1500,756,1149,4,0,4,2735,2531,241,2290,2735,2531,204,204,141,41,22
"Census Tract 18.02","Census Tract 18.02, Dane County, Wisconsin","55025001802","140","00","55","025","19",,"001802",2784,2784,10139.48,0.274570384109888,0.293577,0.2745704,0.01900665,2784,1441,1343,2784,82,71,72,52,661,965,274,258,238,73,26,12,28.3,28.8,27.8,2784,2468,153,9,51,4,41,58,2784,2684,2415,148,8,51,4,8,50,100,53,5,1,0,0,33,8,1373,347,276,71,26,45,1026,562,464,2784,2666,945,347,276,249,3,17,3,9,41,1721,562,464,695,118,0,118,1451,1373,423,950,1451,1373,78,78,23,48,7
"Census Tract 18.04","Census Tract 18.04, Dane County, Wisconsin","55025001804","140","00","55","025","19",,"001804",3326,3326,10379.1,0.320451677768391,0.323398,0.3204517,0.002946346,3326,1769,1557,3326,148,103,85,54,689,1072,415,386,274,63,24,13,29.4,29.3,29.6,3326,2671,272,24,177,1,70,111,3326,3088,2541,257,20,176,1,9,84,238,130,15,4,1,0,61,27,1837,508,283,225,69,156,1329,862,467,3326,3303,1388,508,283,419,12,56,8,30,72,1915,862,467,586,23,15,8,1963,1837,428,1409,1963,1837,126,126,94,16,16
"Census Tract 19","Census Tract 19, Dane County, Wisconsin","55025001900","140","00","55","025","19",,"001900",6114,6114,7374.069,0.829121602107809,0.8367479,0.8291216,0.00762629,6114,3018,3096,6114,239,207,190,108,627,2089,887,757,731,177,71,31,32,32.7,31.4,6114,5526,197,33,115,0,66,177,6114,5897,5405,191,26,112,0,18,145,217,121,6,7,3,0,48,32,3237,1067,780,287,94,193,2170,1378,792,6114,6049,2870,1067,780,815,12,48,10,29,109,3179,1378,792,1009,65,8,57,3375,3237,1136,2101,3375,3237,138,138,49,47,42
"Census Tract 20","Census Tract 20, Dane County, Wisconsin","55025002000","140","00","55","025","19",,"002000",5875,5875,5838.064,1.0063266702394,1.019243,1.006327,0.01291666,5875,2819,3056,5875,357,324,293,185,380,1229,947,980,802,210,114,54,36.5,36.6,36.3,5875,4882,539,29,144,1,107,173,5875,5573,4737,528,21,144,1,8,134,302,145,11,8,0,0,99,39,2806,1278,858,420,119,301,1528,1038,490,5875,5865,3767,1278,858,1314,63,53,24,49,128,2098,1038,490,570,10,10,0,2952,2806,1595,1211,2952,2806,146,146,80,35,31
"Census Tract 21","Census Tract 21, Dane County, Wisconsin","55025002100","140","00","55","025","19",,"002100",4850,4850,4041.752,1.19997467169732,1.200094,1.199975,0.0001189195,4850,2478,2372,4850,325,186,154,84,416,1228,836,744,569,195,75,38,35.3,34.9,35.7,4850,4080,373,17,92,1,118,169,4850,4545,3916,364,14,90,1,10,150,305,164,9,3,2,0,108,19,2460,992,643,349,116,233,1468,1056,412,4850,4798,2843,992,643,878,49,54,18,62,147,1955,1056,412,487,52,11,41,2601,2460,1277,1183,2601,2460,141,141,74,32,35
"Census Tract 22","Census Tract 22, Dane County, Wisconsin","55025002200","140","00","55","025","19",,"002200",4254,4254,5851.517,0.726991013085775,0.726991,0.726991,0,4254,1953,2301,4254,317,201,184,120,340,748,552,619,574,277,231,91,38.8,37,41.1,4254,3183,639,17,141,5,118,151,4254,3959,3043,623,17,140,5,1,130,295,140,16,0,1,0,117,21,2129,969,565,404,103,301,1160,905,255,4254,4249,2801,969,565,952,65,54,26,55,115,1448,905,255,288,5,5,0,2273,2129,1160,969,2273,2129,144,144,78,34,32
"Census Tract 23.01","Census Tract 23.01, Dane County, Wisconsin","55025002301","140","00","55","025","19",,"002301",2994,2994,3338.047,0.896931568794913,0.9492079,0.8969316,0.0522763,2994,1436,1558,2994,297,246,196,110,272,462,366,412,332,153,117,31,33,32.1,33.6,2994,1795,664,19,220,6,115,175,2994,2727,1691,645,14,214,0,6,157,267,104,19,5,6,6,109,18,1180,792,478,314,58,256,388,295,93,2994,2987,2488,792,478,972,53,32,18,59,84,499,295,93,111,7,0,7,1254,1180,647,533,1254,1180,74,74,42,24,8
"Census Tract 23.02","Census Tract 23.02, Dane County, Wisconsin","55025002302","140","00","55","025","19",,"002302",1810,1810,1437.931,1.25875293630704,1.258753,1.258753,0,1810,1009,801,1810,98,62,44,36,126,313,285,371,289,126,36,24,43,41.1,45.3,1810,1523,144,17,54,0,26,46,1810,1752,1497,142,13,54,0,8,38,58,26,2,4,0,0,18,8,638,344,265,79,28,51,294,221,73,1810,1354,976,344,265,289,18,11,6,12,31,378,221,73,84,456,443,13,705,638,384,254,705,638,67,67,20,39,8
"Census Tract 24.01","Census Tract 24.01, Dane County, Wisconsin","55025002401","140","00","55","025","19",,"002401",3417,3417,4763.075,0.717393671322029,0.7173937,0.7173937,0,3417,1644,1773,3417,220,193,196,114,196,513,406,527,494,314,186,58,41.7,39.5,43.8,3417,2857,241,13,110,2,88,106,3417,3190,2740,233,7,109,2,4,95,227,117,8,6,1,0,84,11,1413,933,732,201,59,142,480,382,98,3417,3417,2817,933,732,894,70,25,22,50,91,600,382,98,120,0,0,0,1461,1413,1273,140,1461,1413,48,48,3,37,8
"Census Tract 24.02","Census Tract 24.02, Dane County, Wisconsin","55025002402","140","00","55","025","19",,"002402",3407,3407,3971.421,0.857879264305472,0.8578793,0.8578793,0,3407,1657,1750,3407,242,247,223,112,363,536,481,506,378,170,115,34,34.6,32.6,36.5,3407,2216,566,13,303,1,172,136,3407,3071,2071,559,11,303,1,9,117,336,145,7,2,0,0,163,19,1470,806,509,297,67,230,664,534,130,3407,3383,2567,806,509,966,70,46,31,55,84,816,534,130,152,24,15,9,1553,1470,809,661,1553,1470,83,83,57,16,10
"Census Tract 25","Census Tract 25, Dane County, Wisconsin","55025002500","140","00","55","025","19",,"002500",1735,1735,404.82,4.28585537848052,4.286416,4.285855,0.0005602342,1735,840,895,1735,129,93,74,55,221,317,197,250,229,101,55,14,33.9,34.6,33.5,1735,1164,249,8,118,0,108,88,1735,1517,1063,248,8,117,0,8,73,218,101,1,0,1,0,100,15,882,366,168,198,50,148,516,402,114,1735,1735,1080,366,168,391,30,25,14,29,57,655,402,114,139,0,0,0,960,882,468,414,960,882,78,78,46,12,20
"Census Tract 26.01","Census Tract 26.01, Dane County, Wisconsin","55025002601","140","00","55","025","19",,"002601",1809,1809,3037.501,0.595555268981941,0.5982321,0.5955552,0.002676846,1809,916,893,1809,105,98,88,72,181,317,286,301,193,78,61,29,36.5,35.6,37.6,1809,1345,178,18,66,0,119,83,1809,1543,1224,177,6,66,0,4,66,266,121,1,12,0,0,115,17,810,421,261,160,44,116,389,285,104,1809,1804,1287,421,261,433,26,31,10,37,68,517,285,104,128,5,0,5,843,810,449,361,843,810,33,33,15,10,8
"Census Tract 26.02","Census Tract 26.02, Dane County, Wisconsin","55025002602","140","00","55","025","19",,"002602",5576,5576,2406.859,2.31671189210143,2.316712,2.316712,0,5576,2843,2733,5576,410,314,246,163,743,1235,734,766,587,247,105,26,31.7,31.2,32.3,5576,4032,514,34,337,4,441,214,5576,4765,3737,505,22,336,4,7,154,811,295,9,12,1,0,434,60,2452,1329,937,392,136,256,1123,796,327,5576,5558,4024,1329,937,1294,80,86,31,108,159,1534,796,327,411,18,18,0,2590,2452,1130,1322,2590,2452,138,138,82,47,9
"Census Tract 26.03","Census Tract 26.03, Dane County, Wisconsin","55025002603","140","00","55","025","19",,"002603",5249,5249,2142.977,2.44939629063918,2.449396,2.449396,0,5249,2556,2693,5249,447,374,304,165,639,1283,764,590,432,143,66,42,29.8,29.9,29.8,5249,3399,764,28,546,3,228,281,5249,4748,3202,745,23,537,3,10,228,501,197,19,5,9,0,218,53,2147,1175,761,414,104,310,972,634,338,5249,5249,3859,1175,761,1428,61,85,49,133,167,1390,634,338,418,0,0,0,2282,2147,962,1185,2282,2147,135,135,101,16,18
"Census Tract 27","Census Tract 27, Dane County, Wisconsin","55025002700","140","00","55","025","19",,"002700",3166,3166,2617.271,1.20965695593956,1.227016,1.209657,0.01735954,3166,1530,1636,3166,190,122,122,81,182,589,478,536,419,194,165,88,41.1,39.5,43.3,3166,2915,82,13,31,0,51,74,3166,3027,2837,81,13,31,0,1,64,139,78,1,0,0,0,50,10,1561,811,604,207,64,143,750,596,154,3166,3157,2230,811,604,648,49,18,13,22,65,927,596,154,177,9,0,9,1624,1561,1268,293,1624,1561,63,63,17,37,9
"Census Tract 28","Census Tract 28, Dane County, Wisconsin","55025002800","140","00","55","025","19",,"002800",2233,2233,3216.716,0.694186227889859,0.6941862,0.6941862,0,2233,1052,1181,2233,132,101,99,59,140,333,352,385,335,148,104,45,41.5,39.8,43.3,2233,2066,54,7,10,1,22,73,2233,2125,1996,51,6,10,1,4,57,108,70,3,1,0,0,18,16,1006,570,433,137,36,101,436,317,119,2233,2200,1628,570,433,487,39,17,6,20,56,572,317,119,136,33,25,8,1044,1006,849,157,1044,1006,38,38,5,16,17
"Census Tract 29","Census Tract 29, Dane County, Wisconsin","55025002900","140","00","55","025","19",,"002900",3175,3175,2449.727,1.29606276168075,1.297207,1.296063,0.001144021,3175,1535,1640,3175,180,151,133,105,266,536,399,451,390,266,228,70,40.4,38.2,42.8,3175,2677,185,11,87,1,98,116,3175,2924,2561,180,9,83,1,4,86,251,116,5,2,4,0,94,30,1489,779,565,214,55,159,710,547,163,3175,3132,2224,779,565,707,40,23,13,35,62,908,547,163,198,43,0,43,1577,1489,928,561,1577,1489,88,88,54,28,6
"Census Tract 30.01","Census Tract 30.01, Dane County, Wisconsin","55025003001","140","00","55","025","19",,"003001",5134,5134,3526.417,1.45586890750073,1.455869,1.455869,0,5134,2564,2570,5134,319,280,285,193,362,652,651,849,766,448,258,71,42.2,40.7,43.9,5134,4492,264,13,78,5,157,125,5134,4754,4296,256,10,77,5,2,108,380,196,8,3,1,0,155,17,1978,1455,1168,287,88,199,523,377,146,5134,5038,4340,1455,1168,1405,61,34,22,75,120,698,377,146,175,96,89,7,2032,1978,1658,320,2032,1978,54,54,27,21,6
"Census Tract 30.02","Census Tract 30.02, Dane County, Wisconsin","55025003002","140","00","55","025","19",,"003002",3732,3732,5067.479,0.736460941131774,0.7364609,0.7364609,0,3732,1772,1960,3732,323,271,212,120,509,738,438,398,328,152,122,121,30.3,28.8,31.7,3732,2423,585,17,134,4,389,180,3732,3091,2211,576,9,133,3,8,151,641,212,9,8,1,1,381,29,1504,863,469,394,99,295,641,421,220,3732,3630,2706,863,469,1003,46,57,26,73,169,924,421,220,283,102,83,19,1561,1504,430,1074,1561,1504,57,57,42,9,6
"Census Tract 31","Census Tract 31, Dane County, Wisconsin","55025003100","140","00","55","025","19",,"003100",6422,6422,1630.866,3.93778619823721,3.975665,3.937786,0.03787894,6422,3198,3224,6422,400,400,370,267,488,838,815,1074,1006,487,223,54,40.6,39.1,41.9,6422,5452,386,27,166,1,179,211,6422,6027,5280,383,25,166,1,5,167,395,172,3,2,0,0,174,44,2468,1812,1474,338,105,233,656,460,196,6422,6422,5502,1812,1474,1791,82,51,31,93,168,920,460,196,264,0,0,0,2578,2468,2002,466,2578,2468,110,110,63,36,11
"Census Tract 32","Census Tract 32, Dane County, Wisconsin","55025003200","140","00","55","025","19",,"003200",2778,2778,3019.968,0.91987723495244,0.9420465,0.9198772,0.02216922,2778,1432,1346,2778,373,210,115,37,212,1127,503,110,58,25,5,3,29.1,29.3,29,2778,998,159,17,1434,1,50,119,2778,2585,879,146,14,1430,1,12,103,193,119,13,3,4,0,38,16,1188,714,599,115,19,96,474,295,179,2778,2778,2120,714,599,747,0,7,22,17,14,658,295,179,184,0,0,0,1256,1188,43,1145,1256,1188,68,68,51,12,5
"Census Tract 101","Census Tract 101, Dane County, Wisconsin","55025010100","140","00","55","025","19",,"010100",1538,1538,2093.274,0.734734292205215,0.7347343,0.7347343,0,1538,738,800,1538,68,104,129,84,56,66,173,255,296,169,107,31,48.7,49.3,48.3,1538,1402,15,1,80,0,1,39,1538,1482,1351,15,1,80,0,0,35,56,51,0,0,0,0,1,4,610,470,427,43,14,29,140,116,24,1538,1535,1371,470,427,456,4,2,1,3,8,164,116,24,24,3,0,3,649,610,560,50,649,610,39,39,1,23,15
"Census Tract 102","Census Tract 102, Dane County, Wisconsin","55025010200","140","00","55","025","19",,"010200",1268,1268,1816.231,0.698149180613964,0.6996809,0.6981492,0.001531667,1268,621,647,1268,61,82,97,50,37,93,144,214,276,110,75,29,48.2,48.1,48.2,1268,1226,13,4,5,0,3,17,1268,1253,1216,12,4,5,0,1,15,15,10,1,0,0,0,2,2,517,393,364,29,12,17,124,93,31,1268,1268,1104,393,364,331,3,3,2,2,6,164,93,31,40,0,0,0,559,517,475,42,559,517,42,42,2,30,10
"Census Tract 103","Census Tract 103, Dane County, Wisconsin","55025010300","140","00","55","025","19",,"010300",3404,3404,3920.16,0.868331822386822,0.8742422,0.8683318,0.005910452,3404,1626,1778,3404,181,154,162,101,223,437,443,590,568,267,208,70,45,42.6,47.2,3404,3199,54,25,30,1,45,50,3404,3290,3143,54,21,29,1,4,38,114,56,0,4,1,0,41,12,1643,904,725,179,45,134,739,598,141,3404,3403,2502,904,725,761,20,13,12,17,50,901,598,141,162,1,0,1,1765,1643,1121,522,1765,1643,122,122,23,83,16
"Census Tract 104","Census Tract 104, Dane County, Wisconsin","55025010400","140","00","55","025","19",,"010400",3299,3299,4086.321,0.80732767873828,0.8247834,0.8073277,0.01745568,3299,1572,1727,3299,175,151,147,117,198,381,388,548,462,292,268,172,46.9,44.4,48.8,3299,3039,109,6,55,0,26,64,3299,3206,2980,102,3,54,0,7,60,93,59,7,3,1,0,19,4,1619,864,677,187,46,141,755,641,114,3299,3299,2406,864,677,729,30,22,12,15,57,893,641,114,138,0,0,0,1765,1619,917,702,1765,1619,146,146,111,30,5
"Census Tract 105.01","Census Tract 105.01, Dane County, Wisconsin","55025010501","140","00","55","025","19",,"010501",2817,2817,814.4642,3.45871563883694,3.460526,3.458716,0.001810047,2817,1395,1422,2817,329,237,206,94,151,697,432,306,241,72,41,11,30.8,30.9,30.8,2817,2182,254,8,179,1,81,112,2817,2625,2078,253,8,173,1,7,105,192,104,1,0,6,0,74,7,1000,740,581,159,36,123,260,166,94,2817,2810,2430,740,581,927,33,23,18,37,71,380,166,94,120,7,0,7,1045,1000,814,186,1045,1000,45,45,9,30,6
"Census Tract 105.02","Census Tract 105.02, Dane County, Wisconsin","55025010502","140","00","55","025","19",,"010502",7766,7766,1089.447,7.12838823963663,7.180662,7.128388,0.05227321,7766,3805,3961,7766,463,551,656,397,440,872,1109,1389,1064,476,247,102,40,39.3,40.8,7766,7350,87,33,125,5,52,114,7766,7598,7249,85,28,123,5,3,105,168,101,2,5,2,0,49,9,3051,2205,1768,437,134,303,846,650,196,7766,7766,6666,2205,1768,2393,64,24,31,46,135,1100,650,196,254,0,0,0,3182,3051,2258,793,3182,3051,131,131,60,61,10
"Census Tract 106","Census Tract 106, Dane County, Wisconsin","55025010600","140","00","55","025","19",,"010600",5141,5141,192.4943,26.7072866746873,33.92598,26.70729,7.218688,5141,2626,2515,5141,226,263,310,190,291,427,619,1051,1048,511,164,41,47.6,47.3,47.9,5141,4969,33,6,45,0,15,73,5141,5033,4894,31,6,45,0,1,56,108,75,2,0,0,0,14,17,2152,1548,1310,238,107,131,604,432,172,5141,5132,4338,1548,1310,1257,46,22,20,31,104,794,432,172,190,9,0,9,2381,2152,1906,246,2381,2152,229,229,14,196,19
"Census Tract 107.01","Census Tract 107.01, Dane County, Wisconsin","55025010701","140","00","55","025","19",,"010701",5952,5952,1508.661,3.94522020951448,3.954495,3.94522,0.00927456,5952,2885,3067,5952,339,336,401,306,319,703,772,1016,1058,418,203,81,42.5,40.8,43.8,5952,5303,185,17,247,2,68,130,5952,5712,5170,174,12,247,1,4,104,240,133,11,5,0,1,64,26,2409,1718,1529,189,55,134,691,542,149,5952,5952,5082,1718,1529,1654,22,29,30,34,66,870,542,149,179,0,0,0,2483,2409,1885,524,2483,2409,74,74,29,41,4
"Census Tract 107.02","Census Tract 107.02, Dane County, Wisconsin","55025010702","140","00","55","025","19",,"010702",6290,6290,268.7567,23.4040713702148,23.49454,23.40407,0.09047224,6290,3143,3147,6290,568,410,348,177,290,1182,1081,880,704,361,174,115,36.2,35.6,37,6290,5480,199,9,399,2,76,125,6290,6045,5317,199,9,399,1,8,112,245,163,0,0,0,1,68,13,2435,1729,1516,213,77,136,706,511,195,6290,6137,5181,1729,1516,1686,43,49,39,47,72,956,511,195,250,153,153,0,2595,2435,2103,332,2595,2435,160,160,27,124,9
"Census Tract 108","Census Tract 108, Dane County, Wisconsin","55025010800","140","00","55","025","19",,"010800",10625,10625,1622.624,6.5480365159993,6.551887,6.548037,0.003849825,10625,5145,5480,10625,792,895,863,492,541,1747,1797,1732,1013,375,241,137,34.9,34,35.6,10625,9582,199,27,518,0,92,207,10625,10293,9377,191,16,516,0,10,183,332,205,8,11,2,0,82,24,4219,2834,2391,443,123,320,1385,1085,300,10625,10617,8883,2834,2391,3383,36,41,38,44,116,1734,1085,300,349,8,0,8,4412,4219,3259,960,4412,4219,193,193,92,86,15
"Census Tract 109.01","Census Tract 109.01, Dane County, Wisconsin","55025010901","140","00","55","025","19",,"010901",5652,5652,883.9584,6.39396591798881,6.401196,6.393966,0.007229377,5652,2708,2944,5652,357,371,328,184,345,1191,801,723,524,298,295,235,35.7,34.3,36.8,5652,4771,90,7,604,0,56,124,5652,5505,4686,89,7,603,0,5,115,147,85,1,0,1,0,51,9,2634,1369,1161,208,68,140,1265,998,267,5652,5609,4031,1369,1161,1373,6,18,34,33,37,1578,998,267,313,43,43,0,2907,2634,1241,1393,2907,2634,273,273,166,101,6
"Census Tract 109.03","Census Tract 109.03, Dane County, Wisconsin","55025010903","140","00","55","025","19",,"010903",2541,2541,678.3907,3.74562893727693,3.776638,3.745629,0.03100902,2541,1283,1258,2541,193,232,191,92,131,406,452,410,295,105,26,8,35.6,35.4,35.8,2541,2156,48,3,275,1,22,36,2541,2493,2122,47,2,275,1,16,30,48,34,1,1,0,0,6,6,1027,676,619,57,15,42,351,274,77,2541,2541,2112,676,619,768,8,3,7,15,16,429,274,77,78,0,0,0,1120,1027,740,287,1120,1027,93,93,28,60,5
"Census Tract 109.04","Census Tract 109.04, Dane County, Wisconsin","55025010904","140","00","55","025","19",,"010904",8075,8075,182.16,44.3291690926753,44.53049,44.32917,0.2013202,8075,4079,3996,8075,435,601,739,462,423,573,1115,1608,1407,478,189,45,42.6,42.4,42.9,8075,7673,44,5,211,0,43,99,8075,7907,7558,42,4,208,0,6,89,168,115,2,1,3,0,37,10,2918,2349,2159,190,80,110,569,424,145,8075,8053,7319,2349,2159,2619,45,7,20,49,71,734,424,145,165,22,22,0,3036,2918,2517,401,3036,2918,118,118,25,78,15
"Census Tract 110","Census Tract 110, Dane County, Wisconsin","55025011000","140","00","55","025","19",,"011000",4172,4172,3964.788,1.05226317650893,1.126722,1.052263,0.07445864,4172,2022,2150,4172,184,231,280,181,200,490,551,726,713,324,205,87,44.4,41.9,46.5,4172,3833,105,9,142,0,25,58,4172,4042,3741,105,7,141,0,3,45,130,92,0,2,1,0,22,13,1891,1107,930,177,52,125,784,656,128,4172,4098,3171,1107,930,1021,21,21,8,25,38,927,656,128,143,74,74,0,1975,1891,1203,688,1975,1891,84,84,40,29,15
"Census Tract 111.01","Census Tract 111.01, Dane County, Wisconsin","55025011101","140","00","55","025","19",,"011101",4573,4573,3851.145,1.1874390923819,1.192332,1.187439,0.004893073,4573,2265,2308,4573,314,264,241,167,480,896,621,579,527,271,136,77,33.8,32.4,35.8,4573,3742,281,28,141,4,223,154,4573,4093,3525,267,13,140,4,16,128,480,217,14,15,1,0,207,26,2122,1118,745,373,96,277,1004,777,227,4573,4567,3297,1118,745,1159,32,55,19,54,115,1270,777,227,266,6,0,6,2282,2122,975,1147,2282,2122,160,160,73,69,18
"Census Tract 111.02","Census Tract 111.02, Dane County, Wisconsin","55025011102","140","00","55","025","19",,"011102",8031,8031,1025.459,7.83161466385172,7.913136,7.831614,0.081522,8031,3864,4167,8031,396,571,530,318,546,999,1120,1279,1206,628,269,169,41.1,39.8,42.2,8031,7088,213,24,355,4,134,213,8031,7693,6915,203,24,353,3,11,184,338,173,10,0,2,1,123,29,3601,2169,1795,374,94,280,1432,1161,271,8031,8031,6301,2169,1795,2067,44,30,34,48,114,1730,1161,271,298,0,0,0,3847,3601,2332,1269,3847,3601,246,246,110,111,25
"Census Tract 112","Census Tract 112, Dane County, Wisconsin","55025011200","140","00","55","025","19",,"011200",8440,8440,212.4419,39.7285022169987,40.64775,39.7285,0.9192475,8440,4117,4323,8440,526,694,679,335,403,586,1275,1353,1142,771,528,148,43.2,42.4,43.7,8440,8003,123,23,135,3,52,101,8440,8249,7890,117,22,135,2,3,80,191,113,6,1,0,1,49,21,3302,2359,2095,264,95,169,943,784,159,8440,8407,7287,2359,2095,2586,35,25,36,42,109,1120,784,159,177,33,31,2,3469,3302,2911,391,3469,3302,167,167,17,124,26
"Census Tract 113.01","Census Tract 113.01, Dane County, Wisconsin","55025011301","140","00","55","025","19",,"011301",6317,6317,790.5685,7.99045246541683,7.990452,7.990452,0,6317,3079,3238,6317,353,590,598,378,338,534,951,1225,632,303,220,195,39.6,38.6,40.3,6317,6042,63,10,80,1,36,85,6317,6161,5938,61,9,80,1,4,68,156,104,2,1,0,0,32,17,2249,1739,1492,247,59,188,510,428,82,6317,6226,5611,1739,1492,2201,27,18,21,33,80,615,428,82,105,91,91,0,2325,2249,1721,528,2325,2249,76,76,41,30,5
"Census Tract 113.02","Census Tract 113.02, Dane County, Wisconsin","55025011302","140","00","55","025","19",,"011302",3015,3015,1166.154,2.58542124519496,2.586854,2.585421,0.001432439,3015,1457,1558,3015,161,206,200,152,216,392,410,500,372,196,145,65,39.7,37,41.6,3015,2911,22,10,21,0,16,35,3015,2932,2856,18,6,21,0,0,31,83,55,4,4,0,0,16,4,1338,834,609,225,64,161,504,410,94,3015,3015,2407,834,609,864,22,12,5,13,48,608,410,94,104,0,0,0,1385,1338,791,547,1385,1338,47,47,23,20,4
"Census Tract 114.01","Census Tract 114.01, Dane County, Wisconsin","55025011401","140","00","55","025","19",,"011401",6647,6647,773.7589,8.59053169358314,8.612468,8.590531,0.02193601,6647,3064,3583,6647,482,382,323,180,367,1269,1024,891,756,435,321,217,37.9,36.5,39.4,6647,5777,385,31,193,1,57,203,6647,6393,5625,382,31,192,1,2,160,254,152,3,0,1,0,55,43,2976,1637,1329,308,75,233,1339,1027,312,6647,6483,4788,1637,1329,1546,41,40,30,49,116,1695,1027,312,356,164,49,115,3161,2976,2057,919,3161,2976,185,185,105,66,14
"Census Tract 114.02","Census Tract 114.02, Dane County, Wisconsin","55025011402","140","00","55","025","19",,"011402",9048,9048,545.955,16.5727949318684,16.64696,16.5728,0.07416328,9048,4391,4657,9048,750,705,535,278,575,1807,1472,1132,893,399,270,232,34.2,33.7,34.8,9048,7708,476,24,558,2,70,210,9048,8811,7560,471,24,555,2,12,187,237,148,5,0,3,0,58,23,3680,2296,1887,409,118,291,1384,1005,379,9048,8950,7069,2296,1887,2463,54,60,41,85,183,1881,1005,379,497,98,39,59,3945,3680,2427,1253,3945,3680,265,265,100,143,22
"Census Tract 115.03","Census Tract 115.03, Dane County, Wisconsin","55025011503","140","00","55","025","19",,"011503",8527,8527,1508.223,5.65367291277025,5.653673,5.653673,0,8527,4193,4334,8527,633,790,782,395,445,1070,1482,1396,939,334,170,91,36,35.4,36.8,8527,7665,247,15,347,2,49,202,8527,8328,7529,246,13,347,2,8,183,199,136,1,2,0,0,41,19,3017,2349,2009,340,101,239,668,507,161,8527,8522,7666,2349,2009,2950,64,43,41,84,126,856,507,161,188,5,0,5,3213,3017,2418,599,3213,3017,196,196,75,74,47
"Census Tract 115.04","Census Tract 115.04, Dane County, Wisconsin","55025011504","140","00","55","025","19",,"011504",3770,3770,1904.61,1.97940801270122,1.979408,1.979408,0,3770,1850,1920,3770,291,283,291,193,349,588,531,549,444,163,63,25,32.5,31.8,33.6,3770,3255,239,5,97,2,50,122,3770,3618,3164,228,4,96,2,7,117,152,91,11,1,1,0,43,5,1438,986,744,242,68,174,452,333,119,3770,3770,3181,986,744,1253,28,23,14,33,100,589,333,119,137,0,0,0,1487,1438,860,578,1487,1438,49,49,26,18,5
"Census Tract 115.05","Census Tract 115.05, Dane County, Wisconsin","55025011505","140","00","55","025","19",,"011505",4264,4264,4376.887,0.974208374710616,0.9742084,0.9742084,0,4264,2072,2192,4264,369,321,275,158,432,745,525,522,410,264,145,98,32.2,30.9,33.5,4264,3487,402,25,97,0,121,132,4264,3884,3264,399,14,97,0,6,104,380,223,3,11,0,0,115,28,1700,1080,698,382,100,282,620,459,161,4264,4189,3366,1080,698,1286,46,47,20,57,132,823,459,161,203,75,75,0,1836,1700,900,800,1836,1700,136,136,102,21,13
"Census Tract 115.06","Census Tract 115.06, Dane County, Wisconsin","55025011506","140","00","55","025","19",,"011506",4785,4785,2212.083,2.16311967468575,2.16312,2.16312,0,4785,2261,2524,4785,420,316,274,153,478,1016,680,585,382,191,169,121,32,31,32.8,4785,3928,403,17,160,7,106,164,4785,4518,3807,399,14,160,7,12,119,267,121,4,3,0,0,94,45,2164,1166,775,391,89,302,998,777,221,4785,4730,3480,1166,775,1302,28,32,27,48,102,1250,777,221,252,55,47,8,2321,2164,858,1306,2321,2164,157,157,109,41,7
"Census Tract 116","Census Tract 116, Dane County, Wisconsin","55025011600","140","00","55","025","19",,"011600",6257,6257,690.097,9.0668404641257,9.314465,9.06684,0.2476243,6257,3023,3234,6257,451,488,442,248,338,955,955,865,652,401,309,153,37.1,35.1,38.9,6257,5673,245,22,102,1,67,147,6257,6068,5561,245,20,100,1,10,131,189,112,0,2,2,0,57,16,2603,1670,1355,315,83,232,933,769,164,6257,6243,5113,1670,1355,1852,46,24,36,42,88,1130,769,164,197,14,7,7,2813,2603,1861,742,2813,2603,210,210,113,69,28
"Census Tract 117","Census Tract 117, Dane County, Wisconsin","55025011700","140","00","55","025","19",,"011700",3900,3900,70.0362,55.6854842570699,55.69363,55.68549,0.008147914,3900,2006,1894,3900,209,317,336,181,213,359,602,730,576,236,116,25,41.1,41.1,41,3900,3610,55,13,103,2,74,43,3900,3745,3529,52,12,103,2,11,36,155,81,3,1,0,0,63,7,1395,1101,946,155,73,82,294,212,82,3900,3895,3493,1101,946,1236,50,23,23,39,75,402,212,82,108,5,0,5,1450,1395,1208,187,1450,1395,55,55,16,20,19
"Census Tract 118","Census Tract 118, Dane County, Wisconsin","55025011800","140","00","55","025","19",,"011800",5890,5890,83.18623,70.804985969047,71.34252,70.80499,0.5375326,5890,3009,2881,5890,426,429,505,261,414,732,873,926,680,377,187,80,37.4,36.8,38.2,5890,5419,57,9,54,0,266,85,5890,5337,5157,57,7,54,0,2,60,553,262,0,2,0,0,264,25,2176,1616,1303,313,124,189,560,432,128,5890,5878,5165,1616,1303,1923,58,48,31,49,137,713,432,128,153,12,7,5,2286,2176,1697,479,2286,2176,110,110,37,37,36
"Census Tract 119","Census Tract 119, Dane County, Wisconsin","55025011900","140","00","55","025","19",,"011900",6701,6701,93.45308,71.7044310630011,72.20303,71.70443,0.4985934,6701,3464,3237,6701,415,466,497,297,413,849,952,1243,837,398,242,92,39.6,38.8,40.2,6701,6419,115,20,44,2,31,70,6701,6557,6316,115,16,44,2,0,64,144,103,0,4,0,0,31,6,2567,1827,1505,322,125,197,740,562,178,6701,6583,5621,1827,1505,1963,51,37,30,48,160,962,562,178,222,118,118,0,2676,2567,2030,537,2676,2567,109,109,28,59,22
"Census Tract 120.01","Census Tract 120.01, Dane County, Wisconsin","55025012001","140","00","55","025","19",,"012001",8321,8321,926.3546,8.98252192674252,8.990047,8.982522,0.007525518,8321,4139,4182,8321,620,741,733,409,507,1024,1458,1312,846,370,194,107,36,35.1,36.8,8321,7736,175,13,165,0,72,160,8321,8094,7608,171,9,165,0,19,122,227,128,4,4,0,0,53,38,2998,2271,1889,382,137,245,727,554,173,8321,8321,7373,2271,1889,2883,56,38,42,49,145,948,554,173,221,0,0,0,3091,2998,2315,683,3091,2998,93,93,46,33,14
"Census Tract 120.02","Census Tract 120.02, Dane County, Wisconsin","55025012002","140","00","55","025","19",,"012002",4804,4804,82.06073,58.542010233252,60.81504,58.54201,2.273032,4804,2456,2348,4804,158,288,359,236,269,312,600,1045,896,434,163,44,46.7,46.7,46.7,4804,4659,23,12,52,0,7,51,4804,4746,4616,23,10,52,0,0,45,58,43,0,2,0,0,7,6,1832,1449,1304,145,65,80,383,274,109,4804,4798,4277,1449,1304,1317,61,26,25,39,56,521,274,109,138,6,0,6,1984,1832,1653,179,1984,1832,152,152,14,124,14
"Census Tract 121","Census Tract 121, Dane County, Wisconsin","55025012100","140","00","55","025","19",,"012100",2637,2637,45.28297,58.2338080330874,59.36507,58.23381,1.131261,2637,1411,1226,2637,136,143,290,119,149,269,338,508,368,198,86,33,41.5,40.8,42.5,2637,2595,9,1,3,1,7,21,2637,2457,2426,9,1,3,1,1,16,180,169,0,0,0,0,6,5,1012,737,622,115,54,61,275,206,69,2637,2495,2140,737,622,677,24,8,6,19,47,355,206,69,80,142,0,142,1201,1012,851,161,1201,1012,189,189,8,153,28
"Census Tract 122.01","Census Tract 122.01, Dane County, Wisconsin","55025012201","140","00","55","025","19",,"012201",2001,2001,511.4669,3.91227642753557,4.150053,3.912277,0.2377764,2001,916,1085,2001,83,108,95,81,111,210,270,290,219,134,201,199,46.4,43.9,48.7,2001,1943,18,0,14,0,8,18,2001,1966,1919,18,0,14,0,0,15,35,24,0,0,0,0,8,3,899,487,387,100,27,73,412,350,62,2001,1885,1400,487,387,451,13,12,10,10,30,485,350,62,73,116,116,0,952,899,609,290,952,899,53,53,22,20,11
"Census Tract 122.02","Census Tract 122.02, Dane County, Wisconsin","55025012202","140","00","55","025","19",,"012202",6774,6774,3343.705,2.02589625897881,2.026772,2.025896,0.0008756797,6774,3180,3594,6774,423,502,527,298,435,792,953,1052,800,452,342,198,39.8,37.6,41.3,6774,6445,56,21,115,0,26,111,6774,6660,6366,56,18,115,0,5,100,114,79,0,3,0,0,21,11,2688,1804,1397,407,114,293,884,726,158,6774,6627,5552,1804,1397,2072,60,22,22,49,126,1075,726,158,191,147,131,16,2806,2688,1831,857,2806,2688,118,118,63,36,19
"Census Tract 123","Census Tract 123, Dane County, Wisconsin","55025012300","140","00","55","025","19",,"012300",5304,5304,619.7164,8.5587539401727,8.78843,8.558754,0.229676,5304,2609,2695,5304,357,377,383,221,392,740,841,892,589,318,140,54,37.4,37,37.9,5304,5021,108,11,60,6,20,78,5304,5204,4950,108,9,60,6,2,69,100,71,0,2,0,0,18,9,2138,1440,1132,308,93,215,698,551,147,5304,5304,4440,1440,1132,1610,48,25,20,24,141,864,551,147,166,0,0,0,2270,2138,1469,669,2270,2138,132,132,56,56,20
"Census Tract 124","Census Tract 124, Dane County, Wisconsin","55025012400","140","00","55","025","19",,"012400",4805,4805,85.03342,56.5071961723375,57.24041,56.50719,0.7332173,4805,2444,2361,4805,239,304,377,265,294,393,662,993,805,307,136,30,43.5,43.1,43.8,4805,4669,43,7,22,3,20,41,4805,4693,4586,43,6,22,2,0,34,112,83,0,1,0,1,20,7,1773,1462,1299,163,71,92,311,233,78,4805,4805,4404,1462,1299,1472,39,17,13,34,68,401,233,78,90,0,0,0,1823,1773,1638,135,1823,1773,50,50,8,28,14
"Census Tract 125.01","Census Tract 125.01, Dane County, Wisconsin","55025012501","140","00","55","025","19",,"012501",6551,6551,651.9394,10.0484805335005,10.14181,10.04848,0.09332669,6551,3086,3465,6551,348,434,512,308,408,744,920,1143,870,458,245,161,41.3,39.8,42.4,6551,6289,56,15,69,11,33,78,6551,6421,6199,56,14,69,10,4,69,130,90,0,1,0,1,29,9,2677,1825,1463,362,129,233,852,689,163,6551,6474,5425,1825,1463,1875,58,33,19,42,110,1049,689,163,197,77,57,20,2814,2677,1954,723,2814,2677,137,137,66,49,22
"Census Tract 125.02","Census Tract 125.02, Dane County, Wisconsin","55025012502","140","00","55","025","19",,"012502",5166,5166,454.9973,11.3539136088661,11.49317,11.35391,0.139252,5166,2977,2189,5166,348,435,393,235,362,849,985,877,471,139,55,17,34.6,34.5,34.8,5166,4525,424,15,30,3,80,89,5166,4987,4431,419,15,30,3,15,74,179,94,5,0,0,0,65,15,1567,1199,972,227,59,168,368,280,88,5166,4364,3881,1199,972,1571,15,23,22,12,67,483,280,88,115,802,802,0,1635,1567,1212,355,1635,1567,68,68,17,38,13
"Census Tract 126","Census Tract 126, Dane County, Wisconsin","55025012600","140","00","55","025","19",,"012600",4389,4389,40.9262,107.241825058649,107.6728,107.2418,0.4309313,4389,2214,2175,4389,266,261,324,196,287,421,597,826,663,299,198,51,42.7,42.4,43,4389,4236,19,8,33,0,51,42,4389,4277,4189,16,8,32,0,1,31,112,47,3,0,1,0,50,11,1763,1266,1070,196,84,112,497,391,106,4389,4389,3763,1266,1070,1248,34,24,15,40,66,626,391,106,129,0,0,0,1849,1763,1439,324,1849,1763,86,86,18,29,39
"Census Tract 127","Census Tract 127, Dane County, Wisconsin","55025012700","140","00","55","025","19",,"012700",3867,3867,43.26556,89.3782550343863,89.39847,89.37826,0.02021245,3867,1957,1910,3867,190,243,298,181,212,288,475,850,676,282,140,32,45.6,45.7,45.5,3867,3778,13,6,18,1,23,28,3867,3812,3746,13,6,18,0,3,26,55,32,0,0,0,1,20,2,1500,1157,1026,131,71,60,343,255,88,3867,3867,3420,1157,1026,1113,18,8,18,19,61,447,255,88,104,0,0,0,1583,1500,1321,179,1583,1500,83,83,11,42,30
"Census Tract 128","Census Tract 128, Dane County, Wisconsin","55025012800","140","00","55","025","19",,"012800",7688,7688,417.9072,18.3964296359674,18.40611,18.39643,0.009685373,7688,3711,3977,7688,616,687,623,359,436,1020,1173,1154,736,381,285,218,35.8,34.4,37.4,7688,7394,64,21,46,1,38,124,7688,7558,7312,60,20,46,1,16,103,130,82,4,1,0,0,22,21,2927,2067,1686,381,107,274,860,689,171,7688,7587,6537,2067,1686,2539,52,30,14,36,113,1050,689,171,190,101,101,0,3064,2927,1977,950,3064,2927,137,137,82,33,22
"Census Tract 129","Census Tract 129, Dane County, Wisconsin","55025012900","140","00","55","025","19",,"012900",3746,3746,40.4252,92.6649667874909,94.55897,92.66497,1.894003,3746,1926,1820,3746,164,219,272,171,219,287,473,773,633,350,142,43,45.9,45.8,45.9,3746,3674,3,14,9,1,15,30,3746,3689,3644,2,13,8,1,1,20,57,30,1,1,1,0,14,10,1460,1111,1017,94,46,48,349,256,93,3746,3746,3272,1111,1017,1025,18,22,15,30,34,474,256,93,125,0,0,0,1645,1460,1289,171,1645,1460,185,185,27,132,26
"Census Tract 130","Census Tract 130, Dane County, Wisconsin","55025013000","140","00","55","025","19",,"013000",4220,4220,303.6131,13.899270575771,13.90525,13.89927,0.005977634,4220,2113,2107,4220,282,329,329,194,294,492,658,728,498,230,134,52,38.3,37.5,38.9,4220,4109,28,7,26,0,10,40,4220,4158,4067,28,6,26,0,1,30,62,42,0,1,0,0,9,10,1642,1177,974,203,69,134,465,367,98,4220,4220,3618,1177,974,1341,19,18,14,16,59,602,367,98,137,0,0,0,1720,1642,1210,432,1720,1642,78,78,44,24,10
"Census Tract 131","Census Tract 131, Dane County, Wisconsin","55025013100","140","00","55","025","19",,"013100",4563,4563,92.32965,49.4207417177222,50.21881,49.42074,0.7980658,4563,2324,2239,4563,278,316,288,174,318,549,623,815,608,321,182,91,41.4,40,42.7,4563,4397,33,9,50,0,29,45,4563,4493,4360,32,8,49,0,0,44,70,37,1,1,1,0,29,1,1874,1273,1056,217,70,147,601,477,124,4563,4520,3779,1273,1056,1278,38,19,7,34,74,741,477,124,140,43,43,0,1999,1874,1476,398,1999,1874,125,125,39,62,24
"Census Tract 132","Census Tract 132, Dane County, Wisconsin","55025013200","140","00","55","025","19",,"013200",8573,8573,92.28299,92.8990311924225,93.47955,92.89903,0.5805131,8573,4317,4256,8573,578,629,616,359,592,983,1270,1455,1076,594,299,122,39.4,39.1,39.8,8573,8139,87,19,158,2,84,84,8573,8357,8022,83,16,158,2,4,72,216,117,4,3,0,0,80,12,3246,2430,2045,385,164,221,816,600,216,8573,8573,7484,2430,2045,2598,81,44,45,67,174,1089,600,216,273,0,0,0,3383,3246,2524,722,3383,3246,137,137,57,56,24
"Census Tract 133.01","Census Tract 133.01, Dane County, Wisconsin","55025013301","140","00","55","025","19",,"013301",4432,4432,702.5189,6.3087276852248,6.308728,6.308728,0,4432,2163,2269,4432,341,376,369,199,276,679,752,621,398,207,165,49,34.7,33.9,35.6,4432,4135,98,10,72,3,57,57,4432,4259,4031,89,10,72,3,1,53,173,104,9,0,0,0,56,4,1689,1190,925,265,81,184,499,376,123,4432,4432,3787,1190,925,1432,41,22,22,35,120,645,376,123,146,0,0,0,1753,1689,1182,507,1753,1689,64,64,33,9,22
"Census Tract 133.02","Census Tract 133.02, Dane County, Wisconsin","55025013302","140","00","55","025","19",,"013302",5620,5620,1802.438,3.11799977451633,3.195598,3.118,0.07759804,5620,2731,2889,5620,378,420,478,303,344,713,924,954,654,256,150,46,37.3,36.5,37.9,5620,5257,96,18,77,0,58,114,5620,5430,5142,96,15,76,0,8,93,190,115,0,3,1,0,50,21,2113,1597,1289,308,94,214,516,394,122,5620,5620,4963,1597,1289,1845,41,27,20,38,106,657,394,122,141,0,0,0,2160,2113,1626,487,2160,2113,47,47,8,27,12
"Census Tract 137","Census Tract 137, Dane County, Wisconsin","55025013700","140","00","55","025","19",,"013700",4644,4644,628.1064,7.39365124471619,7.464724,7.393651,0.07107253,4644,2248,2396,4644,320,395,324,184,286,714,716,720,462,266,156,101,36.5,34.6,38.5,4644,4327,63,13,98,4,49,90,4644,4526,4258,62,13,97,4,5,87,118,69,1,0,1,0,44,3,1943,1189,957,232,56,176,754,625,129,4644,4584,3674,1189,957,1367,25,20,21,27,68,910,625,129,156,60,60,0,2076,1943,1218,725,2076,1943,133,133,74,52,7
"Census Tract 9917.02","Census Tract 9917.02, Dane County, Wisconsin","55025991702","140","00","55","025","19",,"991702",0,0,,0,15.44332,0,15.44332,0,0,0,0,0,0,0,0,0,0,0,0,0,0,0,0,0,0,0,0,0,0,0,0,0,0,0,0,0,0,0,0,0,0,0,0,0,0,0,0,0,0,0,0,0,0,0,0,0,0,0,0,0,0,0,0,0,0,0,0,0,0,0,0,0,0,0,0,0,0,0,0,0,0,0,0,0,0,0,0,0,0
"Census Tract 9917.03","Census Tract 9917.03, Dane County, Wisconsin","55025991703","140","00","55","025","19",,"991703",0,0,,0,5.285357,0,5.285357,0,0,0,0,0,0,0,0,0,0,0,0,0,0,0,0,0,0,0,0,0,0,0,0,0,0,0,0,0,0,0,0,0,0,0,0,0,0,0,0,0,0,0,0,0,0,0,0,0,0,0,0,0,0,0,0,0,0,0,0,0,0,0,0,0,0,0,0,0,0,0,0,0,0,0,0,0,0,0,0,0,0
"Census Tract 9606","Census Tract 9606, Dodge County, Wisconsin","55027960600","140","00","55","027","17",,"960600",3988,3988,59.79608,66.6933313976744,73.60085,66.69333,6.907523,3988,2055,1933,3988,216,260,273,176,234,356,559,666,544,334,236,134,43.8,42.6,45.1,3988,3845,14,15,14,0,51,49,3988,3786,3709,13,13,14,0,0,37,202,136,1,2,0,0,51,12,1544,1100,926,174,83,91,444,362,82,3988,3868,3320,1100,926,1108,30,21,19,27,89,548,362,82,104,120,102,18,1813,1544,1282,262,1813,1544,269,269,31,207,31
"Census Tract 9617","Census Tract 9617, Dodge County, Wisconsin","55027961700","140","00","55","027","17",,"961700",3058,3058,37.89628,80.6939398947022,81.31905,80.69394,0.6251156,3058,1566,1492,3058,136,175,211,139,205,253,396,580,404,305,190,64,45.3,44.7,46.1,3058,2992,9,7,8,1,12,29,3058,3003,2956,9,4,8,1,1,24,55,36,0,3,0,0,11,5,1210,895,783,112,60,52,315,256,59,3058,3058,2668,895,783,829,42,17,15,28,59,390,256,59,75,0,0,0,1282,1210,942,268,1282,1210,72,72,19,35,18
"Census Tract 9618","Census Tract 9618, Dodge County, Wisconsin","55027961800","140","00","55","027","17",,"961800",4412,4412,33.86958,130.264374970077,132.2821,130.2644,2.017683,4412,2296,2116,4412,240,259,312,182,289,438,591,890,634,361,168,48,43.6,43.3,44,4412,4287,20,13,13,1,49,29,4412,4301,4226,20,13,12,1,3,26,111,61,0,0,1,0,46,3,1760,1284,1071,213,106,107,476,380,96,4412,4409,3816,1284,1071,1260,56,19,12,32,82,593,380,96,117,3,2,1,1922,1760,1462,298,1922,1760,162,162,32,61,69
"Census Tract 9601","Census Tract 9601, Green County, Wisconsin","55045960100","140","00","55","045","16",,"960100",6379,6379,55.78125,114.357422505432,114.3858,114.3574,0.0283592,6379,3271,3108,6379,468,502,462,272,334,789,1021,1087,809,385,180,70,39,39.1,38.9,6379,6219,18,9,24,1,50,58,6379,6257,6146,18,9,24,1,6,53,122,73,0,0,0,0,44,5,2493,1822,1532,290,134,156,671,508,163,6379,6379,5521,1822,1532,1931,38,35,33,30,100,858,508,163,187,0,0,0,2605,2493,2022,471,2605,2493,112,112,21,62,29
"Census Tract 9602","Census Tract 9602, Green County, Wisconsin","55045960200","140","00","55","045","16",,"960200",5684,5684,40.5026,140.336674918957,140.3367,140.3367,0,5684,2842,2842,5684,372,403,416,238,266,604,831,977,798,400,258,121,41.6,41,42,5684,5542,25,6,24,6,39,42,5684,5587,5490,25,4,24,4,6,34,97,52,0,2,0,2,33,8,2201,1617,1390,227,85,142,584,441,143,5684,5604,4858,1617,1390,1639,47,16,28,47,74,746,441,143,162,80,80,0,2337,2201,1842,359,2337,2201,136,136,15,83,38
"Census Tract 9603","Census Tract 9603, Green County, Wisconsin","55045960300","140","00","55","045","16",,"960300",4828,4828,39.35838,122.667638614542,122.9914,122.6676,0.3237938,4828,2426,2402,4828,297,329,322,208,265,466,630,871,711,393,214,122,43.5,42.9,44.2,4828,4674,20,9,38,0,33,54,4828,4739,4629,20,4,38,0,2,46,89,45,0,5,0,0,31,8,1806,1368,1168,200,83,117,438,335,103,4828,4689,4124,1368,1168,1345,56,31,22,40,94,565,335,103,127,139,123,16,1983,1806,1466,340,1983,1806,177,177,39,105,33
"Census Tract 9501","Census Tract 9501, Iowa County, Wisconsin","55049950100","140","00","55","049","15",,"950100",3753,3753,20.20108,185.782111731792,188.5358,185.7821,2.753673,3753,1951,1802,3753,230,266,237,132,198,396,477,674,678,293,136,36,44,43.9,44.2,3753,3667,12,3,19,2,13,37,3753,3708,3638,12,3,19,2,0,34,45,29,0,0,0,0,13,3,1501,1100,928,172,64,108,401,311,90,3753,3753,3245,1100,928,1009,42,32,27,30,77,508,311,90,107,0,0,0,1805,1501,1242,259,1805,1501,304,304,38,220,46
"Census Tract 9505","Census Tract 9505, Iowa County, Wisconsin","55049950500","140","00","55","049","15",,"950500",4755,4755,27.26579,174.394333873362,174.4398,174.3943,0.04542878,4755,2445,2310,4755,311,383,325,201,322,554,687,813,625,315,169,50,39.3,39.2,39.5,4755,4664,19,7,8,1,20,36,4755,4691,4618,19,7,8,1,3,35,64,46,0,0,0,0,17,1,1837,1330,1137,193,85,108,507,402,105,4755,4731,4094,1330,1137,1438,54,22,11,24,78,637,402,105,130,24,0,24,1988,1837,1502,335,1988,1837,151,151,40,77,34
"Census Tract 1004","Census Tract 1004, Jefferson County, Wisconsin","55055100400","140","00","55","055","17",,"100400",5816,5816,72.0587,80.711972410683,81.61076,80.71198,0.8987845,5816,2956,2860,5816,344,373,440,295,434,632,857,977,754,388,232,90,39.8,39.3,40.2,5816,5320,34,12,24,3,352,71,5816,5324,5196,34,11,24,2,0,57,492,124,0,1,0,1,352,14,2265,1563,1285,278,105,173,702,562,140,5816,5797,4929,1563,1285,1763,69,32,21,70,126,868,562,140,166,19,0,19,2401,2265,1784,481,2401,2265,136,136,57,44,35
"Census Tract 1005","Census Tract 1005, Jefferson County, Wisconsin","55055100500","140","00","55","055","17",,"100500",6350,6350,687.8751,9.23132771271527,10.41347,9.231328,1.182143,6350,3086,3264,6350,461,431,429,242,442,910,873,936,742,405,296,183,37.8,36.7,38.9,6350,6103,41,17,29,0,77,83,6350,6122,5979,39,13,29,0,1,61,228,124,2,4,0,0,76,22,2564,1702,1378,324,101,223,862,692,170,6350,6265,5206,1702,1378,1811,91,34,30,39,121,1059,692,170,197,85,79,6,3053,2564,1765,799,3053,2564,489,489,81,368,40
"Census Tract 1006.01","Census Tract 1006.01, Jefferson County, Wisconsin","55055100601","140","00","55","055","17",,"100601",1535,1535,60.2042,25.4965582852121,26.93636,25.49656,1.439804,1535,770,765,1535,78,86,117,65,76,91,236,252,247,154,104,29,45.7,45,46.8,1535,1509,0,4,4,0,11,7,1535,1508,1494,0,4,4,0,0,6,27,15,0,0,0,0,11,1,595,454,419,35,17,18,141,120,21,1535,1519,1356,454,419,423,13,6,8,15,18,163,120,21,22,16,0,16,676,595,537,58,676,595,81,81,1,72,8
"Census Tract 1006.02","Census Tract 1006.02, Jefferson County, Wisconsin","55055100602","140","00","55","055","17",,"100602",3299,3299,78.90449,41.8100408187219,43.36545,41.81004,1.55541,3299,1683,1616,3299,125,206,225,133,186,257,412,669,578,299,143,66,46.8,46.3,47.3,3299,3208,18,12,14,1,17,29,3299,3242,3179,18,6,14,0,1,24,57,29,0,6,0,1,16,5,1387,957,792,165,62,103,430,347,83,3299,3288,2758,957,792,833,43,14,8,30,81,530,347,83,100,11,9,2,1706,1387,1182,205,1706,1387,319,319,15,286,18
"Census Tract 1007","Census Tract 1007, Jefferson County, Wisconsin","55055100700","140","00","55","055","17",,"100700",4630,4630,101.1028,45.7949766562625,46.28161,45.79498,0.486637,4630,2313,2317,4630,359,359,298,184,300,686,679,721,546,324,141,33,37.1,37.2,36.9,4630,4379,35,13,35,1,99,68,4630,4373,4234,34,13,35,1,6,50,257,145,1,0,0,0,93,18,1754,1276,1090,186,71,115,478,357,121,4630,4619,3996,1276,1090,1359,66,31,32,46,96,623,357,121,145,11,0,11,1860,1754,1363,391,1860,1754,106,106,38,33,35
"Census Tract 1010","Census Tract 1010, Jefferson County, Wisconsin","55055101000","140","00","55","055","17",,"101000",3881,3881,659.0497,5.88878172408521,6.094268,5.888782,0.2054867,3881,1933,1948,3881,250,273,245,148,255,522,547,544,457,311,194,135,39.2,37.1,42.3,3881,3615,13,19,33,0,140,61,3881,3553,3459,11,16,25,0,2,40,328,156,2,3,8,0,138,21,1636,1024,804,220,82,138,612,512,100,3881,3857,3121,1024,804,1056,49,31,21,52,84,736,512,100,124,24,0,24,1744,1636,1054,582,1744,1636,108,108,41,30,37
"Census Tract 1011","Census Tract 1011, Jefferson County, Wisconsin","55055101100","140","00","55","055","17",,"101100",4477,4477,929.8331,4.81484238537013,4.980162,4.814842,0.1653193,4477,2214,2263,4477,342,315,310,155,377,631,616,614,440,306,230,141,36.5,35.4,37.6,4477,4026,44,16,25,5,293,68,4477,3848,3732,30,15,25,5,0,41,629,294,14,1,0,0,293,27,1642,1066,777,289,90,199,576,455,121,4477,4115,3376,1066,777,1260,41,27,18,51,136,739,455,121,163,362,259,103,1783,1642,991,651,1783,1642,141,141,85,35,21
"Census Tract 1012.01","Census Tract 1012.01, Jefferson County, Wisconsin","55055101201","140","00","55","055","17",,"101201",2190,2190,56.75454,38.5872243423522,54.42521,38.58722,15.83798,2190,1140,1050,2190,92,105,115,98,128,167,265,444,391,243,102,40,47.9,47.3,48.5,2190,2135,8,4,10,0,22,11,2190,2136,2106,8,3,9,0,0,10,54,29,0,1,1,0,22,1,902,649,557,92,38,54,253,195,58,2190,2170,1853,649,557,525,26,10,16,35,35,317,195,58,64,20,0,20,1241,902,803,99,1241,902,339,339,5,309,25
"Census Tract 1013","Census Tract 1013, Jefferson County, Wisconsin","55055101300","140","00","55","055","17",,"101300",5795,5795,851.2173,6.80789717944639,6.89441,6.807897,0.08651276,5795,2816,2979,5795,328,416,374,234,409,773,791,915,742,412,288,113,39.6,38.6,40.6,5795,5518,38,20,53,2,109,55,5795,5491,5340,35,15,53,2,4,42,304,178,3,5,0,0,105,13,2392,1565,1216,349,105,244,827,650,177,5795,5675,4637,1565,1216,1572,48,35,14,61,126,1038,650,177,211,120,0,120,2522,2392,1669,723,2522,2392,130,130,32,61,37
"Census Tract 1014","Census Tract 1014, Jefferson County, Wisconsin","55055101400","140","00","55","055","17",,"101400",3453,3453,1394.183,2.47671958325676,2.630289,2.47672,0.1535698,3453,1681,1772,3453,262,283,261,109,275,506,463,438,384,245,148,79,35.6,33.6,37.6,3453,3028,20,2,15,0,318,70,3453,2891,2819,18,1,15,0,2,36,562,209,2,1,0,0,316,34,1354,893,652,241,72,169,461,373,88,3453,3399,2832,893,652,1038,42,27,15,54,111,567,373,88,106,54,0,54,1433,1354,751,603,1433,1354,79,79,34,35,10
"Census Tract 1017.01","Census Tract 1017.01, Jefferson County, Wisconsin","55055101701","140","00","55","055","17",,"101701",1385,1385,45.63537,30.3492649386793,31.02336,30.34926,0.6740907,1385,701,684,1385,71,66,106,65,107,134,174,256,197,135,57,17,43.3,44,42.3,1385,1354,3,0,8,0,7,13,1385,1347,1321,3,0,8,0,4,11,38,33,0,0,0,0,3,2,521,402,359,43,23,20,119,90,29,1385,1377,1222,402,359,384,18,5,4,12,38,155,90,29,36,8,0,8,563,521,450,71,563,521,42,42,6,20,16
"Census Tract 12.02","Census Tract 12.02, Rock County, Wisconsin","55105001202","140","00","55","105","18",,"001202",5758,5758,230.5253,24.9777342597726,25.41734,24.97773,0.4396036,5758,3047,2711,5758,283,338,370,234,493,729,766,940,848,430,254,73,40.8,39.5,42.5,5758,5345,226,13,68,0,41,65,5758,5584,5230,224,9,68,0,5,48,174,115,2,4,0,0,36,17,2045,1550,1336,214,86,128,495,376,119,5758,5182,4552,1550,1336,1423,56,36,18,42,91,630,376,119,135,576,568,8,2215,2045,1699,346,2215,2045,170,170,51,94,25
"Census Tract 28","Census Tract 28, Rock County, Wisconsin","55105002800","140","00","55","105","18",,"002800",5201,5201,46.913,110.86478547391,110.9829,110.8648,0.1181303,5201,2547,2654,5201,277,317,376,261,342,497,686,939,714,411,245,136,43.1,42.4,43.6,5201,5073,19,6,16,2,42,43,5201,5110,5032,18,6,16,2,2,34,91,41,1,0,0,0,40,9,1989,1465,1208,257,104,153,524,426,98,5201,5109,4470,1465,1208,1513,83,25,22,45,109,639,426,98,115,92,88,4,2130,1989,1624,365,2130,1989,141,141,39,56,46
"Census Tract 29","Census Tract 29, Rock County, Wisconsin","55105002900","140","00","55","105","18",,"002900",8058,8058,113.3631,71.081354817088,71.3735,71.08135,0.2921492,8058,4021,4037,8058,593,653,639,366,499,1017,1243,1278,864,440,295,171,37.2,36.1,38.1,8058,7777,50,34,54,2,45,96,8058,7791,7580,50,24,54,0,2,81,267,197,0,10,0,2,43,15,3094,2182,1751,431,162,269,912,752,160,8058,7974,6870,2182,1751,2561,94,38,28,55,161,1104,752,160,192,84,84,0,3277,3094,2330,764,3277,3094,183,183,82,65,36
"Census Tract 30.01","Census Tract 30.01, Rock County, Wisconsin","55105003001","140","00","55","105","18",,"003001",5037,5037,1262.562,3.98950574288375,4.017906,3.989506,0.02840052,5037,2455,2582,5037,373,351,339,196,358,793,653,732,555,308,236,143,36.8,35.6,38.2,5037,4806,46,34,25,1,64,61,5037,4851,4715,46,11,25,1,2,51,186,91,0,23,0,0,62,10,2093,1311,951,360,126,234,782,637,145,5037,4981,4027,1311,951,1466,65,30,28,41,135,954,637,145,172,56,56,0,2275,2093,1331,762,2275,2093,182,182,89,62,31
"Census Tract 30.02","Census Tract 30.02, Rock County, Wisconsin","55105003002","140","00","55","105","18",,"003002",4996,4996,90.17461,55.4036173140571,57.19263,55.40362,1.789015,4996,2595,2401,4996,247,315,365,222,314,455,680,930,746,466,202,54,43.8,42.7,44.6,4996,4812,10,27,21,0,66,60,4996,4839,4752,9,17,20,0,0,41,157,60,1,10,1,0,66,19,1972,1451,1242,209,88,121,521,402,119,4996,4996,4335,1451,1242,1409,45,18,21,49,100,661,402,119,140,0,0,0,2419,1972,1728,244,2419,1972,447,447,15,372,60
"Census Tract 31","Census Tract 31, Rock County, Wisconsin","55105003100","140","00","55","105","18",,"003100",7581,7581,225.5899,33.6052336922024,35.3532,33.60523,1.747966,7581,3757,3824,7581,432,534,561,377,582,967,1028,1189,967,519,311,114,38.4,36.7,40.1,7581,7307,34,14,70,0,65,91,7581,7412,7233,33,11,70,0,2,63,169,74,1,3,0,0,63,28,2992,2101,1635,466,161,305,891,714,177,7581,7571,6462,2101,1635,2262,120,32,33,68,211,1109,714,177,218,10,4,6,3286,2992,2143,849,3286,2992,294,294,56,181,57
"Census Tract 3","Census Tract 3, Sauk County, Wisconsin","55111000300","140","00","55","111","17",,"000300",6785,6785,336.7079,20.1509968385954,20.40885,20.151,0.2578487,6785,3382,3403,6785,474,470,443,263,636,1061,892,992,738,444,246,126,35.5,34.2,36.9,6785,6350,84,73,33,4,129,112,6785,6458,6188,84,61,32,4,2,87,327,162,0,12,1,0,127,25,2935,1743,1148,595,178,417,1192,925,267,6785,6785,5276,1743,1148,1869,96,51,40,73,256,1509,925,267,317,0,0,0,3191,2935,1711,1224,3191,2935,256,256,122,77,57
"Census Tract 4.01","Census Tract 4.01, Sauk County, Wisconsin","55111000401","140","00","55","111","17",,"000401",5147,5147,734.3094,7.00930660682598,7.011575,7.009306,0.002267964,5147,2409,2738,5147,297,296,364,201,328,530,596,759,659,442,368,307,44.4,41.5,46.7,5147,4887,36,43,52,1,64,64,5147,5006,4825,34,37,52,1,2,55,141,62,2,6,0,0,62,9,2208,1367,1078,289,100,189,841,732,109,5147,5000,4023,1367,1078,1340,47,24,25,36,106,977,732,109,136,147,141,6,2396,2208,1380,828,2396,2208,188,188,72,87,29
"Census Tract 4.02","Census Tract 4.02, Sauk County, Wisconsin","55111000402","140","00","55","111","17",,"000402",3464,3464,184.5716,18.7677827078736,18.96441,18.76778,0.1966248,3464,1816,1648,3464,194,228,221,145,320,528,499,513,437,193,137,49,37.5,35.6,39.2,3464,3256,66,46,11,3,30,52,3464,3362,3210,64,38,11,3,2,34,102,46,2,8,0,0,28,18,1374,851,623,228,93,135,523,421,102,3464,3221,2568,851,623,909,31,23,17,28,86,653,421,102,130,243,237,6,1507,1374,873,501,1507,1374,133,133,40,58,35
"Census Tract 5","Census Tract 5, Sauk County, Wisconsin","55111000500","140","00","55","111","17",,"000500",3338,3338,36.67742,91.0096818981401,94.76969,91.00968,3.760009,3338,1709,1629,3338,217,193,197,134,218,370,414,596,521,301,137,40,43.6,42.6,44.5,3338,2974,16,15,7,1,270,55,3338,2896,2825,12,11,6,1,2,39,442,149,4,4,1,0,268,16,1353,940,757,183,68,115,413,319,94,3338,3319,2787,940,757,850,56,16,21,46,101,532,319,94,119,19,0,19,1849,1353,1098,255,1849,1353,496,496,30,419,47
"Census Tract 6","Census Tract 6, Sauk County, Wisconsin","55111000600","140","00","55","111","17",,"000600",6578,6578,78.92062,83.3495691871931,83.77541,83.34957,0.4258386,6578,3199,3379,6578,419,439,452,301,434,864,908,982,751,457,302,269,39.2,37.8,40.5,6578,6259,29,23,36,1,148,82,6578,6287,6137,24,21,35,1,7,62,291,122,5,2,1,0,141,20,2667,1779,1424,355,122,233,888,736,152,6578,6466,5393,1779,1424,1888,36,37,41,54,134,1073,736,152,185,112,106,6,2828,2667,1773,894,2828,2667,161,161,31,105,25
"Census Tract 7","Census Tract 7, Sauk County, Wisconsin","55111000700","140","00","55","111","17",,"000700",2725,2725,383.4292,7.10691786988974,7.742828,7.106918,0.6359107,2725,1317,1408,2725,190,169,188,123,205,385,381,436,298,166,128,56,37.8,36.4,39.5,2725,2576,6,17,9,0,82,35,2725,2581,2529,6,11,9,0,0,26,144,47,0,6,0,0,82,9,1149,733,551,182,63,119,416,339,77,2725,2725,2217,733,551,793,26,14,11,23,66,508,339,77,92,0,0,0,1223,1149,761,388,1223,1149,74,74,29,37,8
"Census Tract 8","Census Tract 8, Sauk County, Wisconsin","55111000800","140","00","55","111","17",,"000800",3873,3873,42.4532,91.2298713353112,96.18075,91.22987,4.950879,3873,1918,1955,3873,206,228,259,186,204,369,537,670,568,327,196,123,44.3,42.8,45.4,3873,3777,12,17,4,0,17,46,3873,3814,3745,11,12,4,0,2,40,59,32,1,5,0,0,15,6,1628,1089,910,179,60,119,539,452,87,3873,3814,3178,1089,910,1048,20,18,15,20,58,636,452,87,97,59,53,6,1822,1628,1262,366,1822,1628,194,194,43,125,26
"Census Tract 11","Census Tract 11, Sauk County, Wisconsin","55111001100","140","00","55","111","17",,"001100",4134,4134,22.38903,184.644030783154,185.1364,184.644,0.4923517,4134,2143,1991,4134,261,270,318,202,308,409,497,701,580,309,203,76,41.1,40.4,42.1,4134,4058,8,16,8,2,16,26,4134,4083,4026,8,16,8,2,2,21,51,32,0,0,0,0,14,5,1553,1179,991,188,99,89,374,312,62,4134,4123,3665,1179,991,1280,56,32,25,31,71,458,312,62,84,11,7,4,1764,1553,1268,285,1764,1553,211,211,34,129,48
