Geo_FIPS,Geo_GEOID,Geo_NAME,Geo_QName,Geo_STUSAB,Geo_SUMLEV,Geo_GEOCOMP,Geo_FILEID,Geo_LOGRECNO,Geo_US,Geo_REGION,Geo_DIVISION,Geo_STATECE,Geo_STATE,Geo_COUNTY,Geo_COUSUB,Geo_PLACE,Geo_PLACESE,Geo_TRACT,Geo_BLKGRP,Geo_CONCIT,Geo_AIANHH,Geo_AIANHHFP,Geo_AIHHTLI,Geo_AITSCE,Geo_AITS,Geo_ANRC,Geo_CBSA,Geo_CSA,Geo_METDIV,Geo_MACC,Geo_MEMI,Geo_NECTA,Geo_CNECTA,Geo_NECTADIV,Geo_UA,Geo_UACP,Geo_CDCURR,Geo_SLDU,Geo_SLDL,Geo_VTD,Geo_ZCTA3,Geo_ZCTA5,Geo_SUBMCD,Geo_SDELM,Geo_SDSEC,Geo_SDUNI,Geo_UR,Geo_PCI,Geo_TAZ,Geo_UGA,Geo_BTTR,Geo_BTBG,Geo_PUMA5,Geo_PUMA1,SE_T001_001,SE_T002_001,SE_T002_002,SE_T002_003,SE_T056_001,SE_T056_002,SE_T056_003,SE_T056_004,SE_T056_005,SE_T056_006,SE_T056_007,SE_T056_008,SE_T056_009,SE_T056_010,SE_T056_011,SE_T056_012,SE_T056_013,SE_T056_014,SE_T056_015,SE_T056_016,SE_T056_017,SE_T057_001,SE_T058_001,SE_T058_002,SE_T058_003,SE_T058_004,SE_T058_005,SE_T058_006,SE_T058_007,SE_T058_008,SE_T058_009,SE_T058_010,SE_T059_001,SE_T061_001,SE_T062_001,SE_T063_001,SE_T064_001,SE_T065_001,SE_T065_002,SE_T065_003,SE_T065_004,SE_T065_005,SE_T065_006,SE_T065_007,SE_T066_001,SE_T066_002,SE_T066_003,SE_T066_004,SE_T066_005,SE_T066_006,SE_T066_007,SE_T066_008,SE_T066_009,SE_T066_010,SE_T066_011,SE_T066_012,SE_T066_013,SE_T066_014,SE_T066_015,SE_T066_016,SE_T066_017,SE_T066_018,SE_T067_001,SE_T067_002,SE_T067_003,SE_T074_001,SE_T074_002,SE_T074_003,SE_T075_001,SE_T075_002,SE_T075_003,SE_T076_001,SE_T076_002,SE_T076_003,SE_T077_001,SE_T077_002,SE_T077_003,SE_T078_001,SE_T078_002,SE_T078_003,SE_T079_001,SE_T079_002,SE_T079_003,SE_T080_001,SE_T080_002,SE_T080_003,SE_T081_001,SE_T081_002,SE_T081_003,SE_T082_001,SE_T082_002,SE_T082_003,SE_T083_001,SE_T084_001,SE_T085_001,SE_T086_001,SE_T087_001,SE_T088_001,SE_T089_001,SE_T090_001,SE_T091_001,SE_T092_001
"17019000200","14000US17019000200","Census Tract 2, Champaign County, Illinois","Census Tract 2, Champaign County, Illinois","il","140","00","ACSSF","0015491",,,,,"17","019",,,,"000200",,,,,,,,,,,,,,,,,,,,,,,,,,,,,,,,,,,,,1874,1874,3429.229,0.546478593723214,718,142,83,27,74,77,16,28,46,0,89,113,15,8,0,0,0,26269,26269,52159,25981,,,,,,,52159,32516.991643454,33672,32711.6089613035,25149,26244.0528634361,20219,20099,32031,18899,20316,28568,11155,20712,15840,20186,30552,32500,,17257,16175,21696,6648,,,21497,11094,17614,31090,16917,,26269,40109,18796,718,596,122,718,577,141,718,112,606,718,36,682,718,248,470,718,53,665,718,36,682,718,114,604,718,125,593,12411,19236,12135,7955,,,,,,19236
"17019000301","14000US17019000301","Census Tract 3.01, Champaign County, Illinois","Census Tract 3.01, Champaign County, Illinois","il","140","00","ACSSF","0015492",,,,,"17","019",,,,"000301",,,,,,,,,,,,,,,,,,,,,,,,,,,,,,,,,,,,,4516,4516,25605.61,0.176367612514035,1712,812,286,238,92,31,74,65,20,32,62,0,0,0,0,0,0,10696,10696,11677,2499,,5040,,,,9306,12217,14215.0700934579,2629,3935.48387096774,11131,14664.2371834466,5536,5850,12415,5523,5320,34239,5151,13854,,4125,,15766,13646,15565,,30357,,15766,17596,9896,,2499,,,13542,10696,,10696,1712,1551,161,1712,1528,184,1712,83,1629,1712,230,1482,1712,0,1712,1712,0,1712,1712,10,1702,1712,0,1712,1712,79,1633,6748,7283,2988,,6293,,3043,,6290,7284
"17019000302","14000US17019000302","Census Tract 3.02, Champaign County, Illinois","Census Tract 3.02, Champaign County, Illinois","il","140","00","ACSSF","0015493",,,,,"17","019",,,,"000302",,,,,,,,,,,,,,,,,,,,,,,,,,,,,,,,,,,,,3049,3049,18466.3,0.165111575806529,1701,622,202,226,232,16,92,19,29,32,71,33,116,11,0,0,0,15442,15442,15560,11642,,17070,,,2499,13299,16474,22441.9165196943,23782,38080.985915493,13599,20292.7517639513,9450,10107,32135,7160,8587,25972,7385,20197,23553,34615,9122,20029,19213,22788,,93148,31146,20291,26875,16406,,22500,,,16685,15442,,15367,1701,1544,157,1701,1544,157,1701,0,1701,1701,286,1415,1701,9,1692,1701,0,1701,1701,0,1701,1701,21,1680,1701,125,1576,12733,14277,12903,,10997,,,4951,8165,14603
"17019000401","14000US17019000401","Census Tract 4.01, Champaign County, Illinois","Census Tract 4.01, Champaign County, Illinois","il","140","00","ACSSF","0015494",,,,,"17","019",,,,"000401",,,,,,,,,,,,,,,,,,,,,,,,,,,,,,,,,,,,,4924,4924,49984.32,0.0985108811314956,574,281,97,72,34,0,0,0,8,7,0,35,0,0,0,40,0,10217,10217,11688,2499,,2499,,,10690,158500,10688,23245.9930313589,,,10145,23267.0175438596,3358,4106,41688,3878,2499,,2499,14911,,4095,41458,40594,13839,41058,,,47667,,12857,4303,,,,7813,,10217,,10217,574,494,80,574,494,80,574,70,504,574,131,443,574,29,545,574,0,574,574,0,574,574,0,574,574,51,523,5139,5942,5552,,2153,,3064,6273,10368,5256
"17019000402","14000US17019000402","Census Tract 4.02, Champaign County, Illinois","Census Tract 4.02, Champaign County, Illinois","il","140","00","ACSSF","0015495",,,,,"17","019",,,,"000402",,,,,,,,,,,,,,,,,,,,,,,,,,,,,,,,,,,,,3969,3969,31762.45,0.124958880118363,1174,572,202,187,70,68,18,25,0,0,0,0,0,0,0,0,32,10475,10475,12591,2499,,2499,,,,17875,12530,17970.528109029,,,10111,18005.8210251955,5055,5190,,5163,4811,,4769,11581,,,,10234,18239,11641,,,,11406,,11528,,,,8558,17566,10475,,10475,1174,978,196,1174,978,196,1174,42,1132,1174,163,1011,1174,22,1152,1174,0,1174,1174,0,1174,1174,0,1174,1174,39,1135,7168,7841,3596,,4122,,,2113,3544,8027
"17019000500","14000US17019000500","Census Tract 5, Champaign County, Illinois","Census Tract 5, Champaign County, Illinois","il","140","00","ACSSF","0015496",,,,,"17","019",,,,"000500",,,,,,,,,,,,,,,,,,,,,,,,,,,,,,,,,,,,,3878,3878,5362.223,0.72320759787304,1909,237,96,115,112,107,126,140,99,84,121,147,215,155,18,99,38,41194,41194,46083,25930,,21630,,,125357,17083,46417,56319.8533263489,74167,78498.2188295165,30847,38129.9198575245,26304,25724,60724,15793,26817,45364,18125,38380,,38841,30595,22539,49022,39891,,39136,28958,24023,56875,27868,,,34286,21341,37500,41194,83266,25905,1909,1583,326,1909,1548,361,1909,172,1737,1909,586,1323,1909,183,1726,1909,15,1894,1909,15,1894,1909,185,1724,1909,227,1682,28185,30366,13775,,20017,,16144,,20779,30928
"17019000700","14000US17019000700","Census Tract 7, Champaign County, Illinois","Census Tract 7, Champaign County, Illinois","il","140","00","ACSSF","0015497",,,,,"17","019",,,,"000700",,,,,,,,,,,,,,,,,,,,,,,,,,,,,,,,,,,,,4056,4056,4080.315,0.994040899031192,1490,172,140,187,83,198,142,59,101,69,73,60,158,39,0,0,9,28983,28983,31199,25857,,29712,,30313,,30464,31583,37907.3825503356,36082,47083.3520809899,16206,22987.1880199667,19078,21784,26926,14196,16427,27861,9488,25399,25230,26497,21719,31801,12000,26489,26349,29728,20972,31641,15938,21773,12283,21111,22813,31944,8625,28983,35766,23603,1490,1262,228,1490,1249,241,1490,127,1363,1490,238,1252,1490,276,1214,1490,98,1392,1490,42,1448,1490,114,1376,1490,158,1332,13923,17606,10986,,9734,,12698,1469,9222,20780
"17019000800","14000US17019000800","Census Tract 8, Champaign County, Illinois","Census Tract 8, Champaign County, Illinois","il","140","00","ACSSF","0015498",,,,,"17","019",,,,"000800",,,,,,,,,,,,,,,,,,,,,,,,,,,,,,,,,,,,,4421,4421,939.4179,4.706105588134,1772,131,82,41,121,73,195,138,104,149,169,149,216,137,17,30,20,45026,45026,45216,35750,,55761,,34946,57500,52702,45582,54556.0948081264,53722,61938.6278195489,37150,42942.3728813559,26322,33630,41339,16115,20417,36458,12043,31578,11442,31816,24154,32689,48047,34463,7778,38654,32188,27250,54688,25802,18281,29628,20395,32893,46065,45026,55100,40865,1772,1558,214,1772,1535,237,1772,78,1694,1772,254,1518,1772,211,1561,1772,45,1727,1772,31,1741,1772,131,1641,1772,245,1527,22547,26200,14343,,25858,,28729,8338,13242,29649
"17019000901","14000US17019000901","Census Tract 9.01, Champaign County, Illinois","Census Tract 9.01, Champaign County, Illinois","il","140","00","ACSSF","0015499",,,,,"17","019",,,,"000901",,,,,,,,,,,,,,,,,,,,,,,,,,,,,,,,,,,,,4288,4288,4049.753,1.05883000230117,1705,344,169,120,74,174,130,94,94,63,202,64,129,21,0,27,0,28750,28750,35175,25146,,44313,,,30813,,34318,35615.9530791789,28607,35776.6101694915,28977,34065.7317073171,15391,16694,37581,11154,14600,33375,9880,21994,15403,17188,26404,30526,20563,23906,12027,29167,36193,24597,21250,20255,16222,13700,24583,36875,18625,28750,50377,18589,1705,1359,346,1705,1341,364,1705,100,1605,1705,191,1514,1705,408,1297,1705,72,1633,1705,149,1556,1705,221,1484,1705,291,1414,14445,20074,11023,,15144,,,6488,7790,20817
"17019000902","14000US17019000902","Census Tract 9.02, Champaign County, Illinois","Census Tract 9.02, Champaign County, Illinois","il","140","00","ACSSF","0015500",,,,,"17","019",,,,"000902",,,,,,,,,,,,,,,,,,,,,,,,,,,,,,,,,,,,,5371,5371,709.6339,7.56869143795261,2228,124,86,102,55,39,117,88,94,75,206,502,376,172,84,70,38,64947,64947,65128,57639,,67448,,44154,,44412,65016,69721.5888689408,68586,80276.7229254571,42361,48075.5583126551,33170,42524,58125,18826,30038,38125,15000,39975,35545,32300,41118,42824,54097,47670,35773,44239,53333,47056,59464,32308,,22250,25921,33750,53079,64947,66310,39100,2228,1911,317,2228,1895,333,2228,163,2065,2228,542,1686,2228,354,1874,2228,37,2191,2228,1,2227,2228,402,1826,2228,155,2073,28710,30959,21960,,25987,,12897,7552,12360,31282
"17019001000","14000US17019001000","Census Tract 10, Champaign County, Illinois","Census Tract 10, Champaign County, Illinois","il","140","00","ACSSF","0015501",,,,,"17","019",,,,"001000",,,,,,,,,,,,,,,,,,,,,,,,,,,,,,,,,,,,,4072,4072,4205.933,0.968156223117636,2205,338,114,245,190,263,71,110,106,164,148,120,110,115,50,35,26,27190,27190,36793,16515,,61181,,,,,36793,43086.9387755102,42548,55172.2842639594,23852,31905.3278688525,22190,25170,35661,9979,19596,36339,15971,25139,10192,22060,26011,31667,42188,33155,32905,23609,35330,34821,47545,20398,2499,20425,15970,22212,37159,27190,50538,22686,2205,1772,433,2205,1700,505,2205,148,2057,2205,489,1716,2205,646,1559,2205,46,2159,2205,18,2187,2205,401,1804,2205,272,1933,23424,28782,9421,,21769,,,8791,8315,28796
"17019001100","14000US17019001100","Census Tract 11, Champaign County, Illinois","Census Tract 11, Champaign County, Illinois","il","140","00","ACSSF","0015502",,,,,"17","019",,,,"001100",,,,,,,,,,,,,,,,,,,,,,,,,,,,,,,,,,,,,3702,3702,3686.44,1.004220868977,1597,30,55,25,11,48,100,80,84,47,147,251,267,184,110,60,98,68375,68375,70132,31563,,59688,,105515,,105515,70132,88289.7933625548,85592,106581.037735849,46779,50734.6368715084,39199,54851,60213,36364,24718,43594,14816,43426,23977,35658,28681,39620,72883,57668,,40500,32865,57989,83382,30179,22841,20250,25227,20288,55078,68375,76490,44875,1597,1334,263,1597,1258,339,1597,406,1191,1597,768,829,1597,374,1223,1597,10,1587,1597,19,1578,1597,383,1214,1597,151,1446,38265,42148,8003,,42060,,22818,,22818,42148
"17019001201","14000US17019001201","Census Tract 12.01, Champaign County, Illinois","Census Tract 12.01, Champaign County, Illinois","il","140","00","ACSSF","0015503",,,,,"17","019",,,,"001201",,,,,,,,,,,,,,,,,,,,,,,,,,,,,,,,,,,,,6694,6694,4472.635,1.49665674126675,2779,159,162,299,133,170,200,128,102,56,241,413,392,226,43,0,55,47466,47466,50497,33495,,53125,,82902,27273,82902,50497,55060.7412738395,60538,60201.2567324955,27788,43205.1444043321,27718,33125,38569,11866,21710,32719,14043,32250,9327,28421,33209,27543,35424,34655,,33378,35379,38778,25469,27093,9327,21458,30625,17102,35842,47466,65770,23397,2779,2415,364,2779,2351,428,2779,243,2536,2779,515,2264,2779,522,2257,2779,32,2747,2779,0,2779,2779,266,2513,2779,355,2424,22862,27943,16154,,17573,,11364,3579,12622,27945
"17019001203","14000US17019001203","Census Tract 12.03, Champaign County, Illinois","Census Tract 12.03, Champaign County, Illinois","il","140","00","ACSSF","0015504",,,,,"17","019",,,,"001203",,,,,,,,,,,,,,,,,,,,,,,,,,,,,,,,,,,,,4670,4670,4674.162,0.999109648384471,1901,35,85,26,96,9,69,75,59,55,175,339,354,180,87,142,115,71479,71479,67258,71250,,142000,,,86000,14868,68417,84118.3061546554,80023,92512.474297464,41750,47992.3076923077,35968,45929,54688,21250,26855,50095,12988,43134,20625,32604,33545,45625,58056,50304,13750,32273,35481,51919,68800,36958,21875,41477,30417,30625,54000,71479,75357,24899,1901,1673,228,1901,1622,279,1901,286,1615,1901,668,1233,1901,364,1537,1901,33,1868,1901,0,1901,1901,330,1571,1901,317,1584,33873,33132,33452,,43172,,75632,24580,34878,33421
"17019001204","14000US17019001204","Census Tract 12.04, Champaign County, Illinois","Census Tract 12.04, Champaign County, Illinois","il","140","00","ACSSF","0015505",,,,,"17","019",,,,"001204",,,,,,,,,,,,,,,,,,,,,,,,,,,,,,,,,,,,,3586,3586,1220.94,2.9370823339722,1287,42,7,0,12,37,26,22,21,11,87,95,175,253,178,195,126,109940,109940,122188,57546,,95000,,,100341,,122188,124679.953379953,120987,133430.55028463,60313,82572.9613733906,52000,72738,90000,31833,41310,58272,17176,56915,,45804,44886,50114,70526,79722,,50625,56250,90625,93929,44363,,11797,42156,41125,60313,109940,120789,62750,1287,1163,124,1287,1146,141,1287,254,1033,1287,586,701,1287,174,1113,1287,0,1287,1287,15,1272,1287,240,1047,1287,94,1193,45022,49875,22452,,35846,,27584,9046,31722,49875
"17019001205","14000US17019001205","Census Tract 12.05, Champaign County, Illinois","Census Tract 12.05, Champaign County, Illinois","il","140","00","ACSSF","0015506",,,,,"17","019",,,,"001205",,,,,,,,,,,,,,,,,,,,,,,,,,,,,,,,,,,,,4558,4558,489.6814,9.30809254714694,1734,103,0,19,42,58,27,64,39,43,123,99,209,236,191,240,241,101898,101898,101948,52137,,111250,,,39688,194808,101047,134719.838523645,135893,169001.513877208,48173,56794.3119266055,44744,74375,94615,31488,31919,44397,14697,57740,12396,41500,40568,60795,86750,85216,31518,50726,61139,88750,112250,35605,7750,25455,32439,43882,40938,101898,120455,51290,1734,1652,82,1734,1630,104,1734,242,1492,1734,610,1124,1734,146,1588,1734,0,1734,1734,0,1734,1734,189,1545,1734,70,1664,51605,57615,25590,,32744,,,23406,127895,55802
"17019001206","14000US17019001206","Census Tract 12.06, Champaign County, Illinois","Census Tract 12.06, Champaign County, Illinois","il","140","00","ACSSF","0015507",,,,,"17","019",,,,"001206",,,,,,,,,,,,,,,,,,,,,,,,,,,,,,,,,,,,,2026,2026,2088.246,0.970192139886362,880,0,6,34,45,19,25,22,21,18,29,90,163,58,74,138,138,94545,94545,97813,,,93750,,,,,99583,124076.25,107054,129568.872180451,43375,100136.744186047,46220,88289,94821,67596,25108,53073,14891,51513,,30347,32500,40208,83469,84406,,,51290,85357,89375,27383,,19350,25833,25069,53529,94545,113295,24966,880,719,161,880,680,200,880,306,574,880,525,355,880,341,539,880,0,880,880,17,863,880,276,604,880,87,793,53645,57307,,,38462,,,,13363,60223
"17019001301","14000US17019001301","Census Tract 13.01, Champaign County, Illinois","Census Tract 13.01, Champaign County, Illinois","il","140","00","ACSSF","0015508",,,,,"17","019",,,,"001301",,,,,,,,,,,,,,,,,,,,,,,,,,,,,,,,,,,,,5854,5854,3560.614,1.64409835103483,2814,151,43,193,143,42,139,160,121,126,359,184,382,389,137,191,54,57892,57892,59096,56262,,77885,,,,61029,59142,72914.6410803127,83341,90922.3383409536,46518,51286.9056897896,37591,52604,61436,29708,21146,53971,17867,45399,2499,43819,30698,45975,60898,55049,2499,26750,39833,56184,62370,28242,,44444,16071,29141,47019,57892,75884,37813,2814,2142,672,2814,2071,743,2814,502,2312,2814,1326,1488,2814,847,1967,2814,68,2746,2814,29,2785,2814,735,2079,2814,372,2442,34972,36373,33466,,31693,,,7741,29453,36619
"17019001302","14000US17019001302","Census Tract 13.02, Champaign County, Illinois","Census Tract 13.02, Champaign County, Illinois","il","140","00","ACSSF","0015509",,,,,"17","019",,,,"001302",,,,,,,,,,,,,,,,,,,,,,,,,,,,,,,,,,,,,3617,3617,1243.634,2.90841231696826,1772,97,6,80,74,69,125,76,65,146,62,249,166,197,121,101,138,68247,68247,70000,69500,,33750,,95833,250001,97153,69010,94255.079006772,84375,124897.735849057,32440,48267.1348314607,36226,43065,66111,25000,32343,42031,25357,39405,,20294,31583,36919,55804,46701,,21176,45500,36917,66806,32177,,15833,28281,36932,42500,68247,88472,33074,1772,1347,425,1772,1258,514,1772,324,1448,1772,915,857,1772,537,1235,1772,45,1727,1772,10,1762,1772,428,1344,1772,196,1576,46298,50749,33807,,33803,,17670,34772,41568,49856
"17019001400","14000US17019001400","Census Tract 14, Champaign County, Illinois","Census Tract 14, Champaign County, Illinois","il","140","00","ACSSF","0015510",,,,,"17","019",,,,"001400",,,,,,,,,,,,,,,,,,,,,,,,,,,,,,,,,,,,,7650,7650,3486.27,2.19432213585546,1346,123,58,129,106,73,15,57,40,66,54,68,212,160,113,44,28,51875,51875,46534,29615,,69022,,2499,,106700,45777,66229.1976225854,92652,86376.0050251256,22148,36988.9090909091,4486,4403,67321,2517,4564,46447,3402,45000,,25865,21641,37127,55167,51676,,25764,28750,68854,61806,36476,,26094,12361,35844,49261,51875,96875,21125,1346,1120,226,1346,1077,269,1346,122,1224,1346,373,973,1346,273,1073,1346,26,1320,1346,30,1316,1346,209,1137,1346,45,1301,13139,13608,13694,,11751,,7448,10186,11440,13727
"17019005300","14000US17019005300","Census Tract 53, Champaign County, Illinois","Census Tract 53, Champaign County, Illinois","il","140","00","ACSSF","0015511",,,,,"17","019",,,,"005300",,,,,,,,,,,,,,,,,,,,,,,,,,,,,,,,,,,,,3859,3859,2165.418,1.78210400974831,1585,434,135,168,148,64,170,60,99,58,127,48,55,13,6,0,0,22664,22664,20278,24710,,2499,,,98333,7340,21424,27119.1798107256,26563,35692.9065743945,17325,21455.9086395233,12568,16503,30287,10433,11099,24453,8750,22469,9432,24167,19188,30125,33819,21486,20217,14063,17270,30575,44125,23936,,26250,22813,23977,32917,22664,43320,18322,1585,1219,366,1585,1219,366,1585,53,1532,1585,142,1443,1585,182,1403,1585,55,1530,1585,11,1574,1585,191,1394,1585,197,1388,11798,13816,11753,,9055,,,10364,2324,14036
"17019005401","14000US17019005401","Census Tract 54.01, Champaign County, Illinois","Census Tract 54.01, Champaign County, Illinois","il","140","00","ACSSF","0015512",,,,,"17","019",,,,"005401",,,,,,,,,,,,,,,,,,,,,,,,,,,,,,,,,,,,,4194,4194,2277.964,1.84111779668477,2115,232,86,319,140,133,132,143,251,110,225,105,128,83,0,11,17,35412,35412,35130,36250,38125,35694,,,22857,24088,37950,41052.3404255319,39479,46944.1048034935,26907,34172.8940783987,22302,25939,40326,17476,20383,28500,15876,25489,13835,29038,26107,22477,41736,31841,13917,26607,37875,22132,42442,20861,13571,32917,21087,22852,19196,35412,44386,29597,2115,1834,281,2115,1753,362,2115,150,1965,2115,247,1868,2115,358,1757,2115,40,2075,2115,16,2099,2115,200,1915,2115,195,1920,20752,22654,12074,13624,23860,,,8789,7786,24442
"17019005402","14000US17019005402","Census Tract 54.02, Champaign County, Illinois","Census Tract 54.02, Champaign County, Illinois","il","140","00","ACSSF","0015513",,,,,"17","019",,,,"005402",,,,,,,,,,,,,,,,,,,,,,,,,,,,,,,,,,,,,3054,3054,525.5711,5.81082190342195,1236,31,22,50,44,139,193,19,34,36,188,219,74,59,67,52,9,52193,52193,54632,72903,,2499,,,11932,31328,55636,60626.6181229773,51914,65110.9489051095,50313,48250.2415458937,26575,30385,46111,16477,24201,34239,10762,29346,14108,33838,29832,51058,50865,33952,14448,34353,38875,56938,74453,27899,,29167,29238,20703,48750,52193,55500,33929,1236,1031,205,1236,978,258,1236,199,1037,1236,275,961,1236,367,869,1236,23,1213,1236,0,1236,1236,305,931,1236,182,1054,25024,27499,15000,,13664,,8332,6066,12443,29632
"17019005500","14000US17019005500","Census Tract 55, Champaign County, Illinois","Census Tract 55, Champaign County, Illinois","il","140","00","ACSSF","0015514",,,,,"17","019",,,,"005500",,,,,,,,,,,,,,,,,,,,,,,,,,,,,,,,,,,,,5701,5701,1463.332,3.89590337870291,2458,254,133,164,102,169,202,74,224,100,261,161,394,64,62,71,23,43265,43265,44646,15880,,110530,,9048,,43409,44851,52580.9194467046,53639,63969.7239536955,33969,40346.1423220974,25266,30770,40352,15179,20817,29408,10782,30417,18058,26468,26936,30014,45701,33838,17768,32222,30469,32381,45453,25333,,21693,26486,22198,46302,43265,56039,25664,2458,2049,409,2458,1913,545,2458,342,2116,2458,472,1986,2458,442,2016,2458,97,2361,2458,91,2367,2458,349,2109,2458,270,2188,23493,26774,7100,,57461,,28191,,38400,26081
"17019005600","14000US17019005600","Census Tract 56, Champaign County, Illinois","Census Tract 56, Champaign County, Illinois","il","140","00","ACSSF","0015515",,,,,"17","019",,,,"005600",,,,,,,,,,,,,,,,,,,,,,,,,,,,,,,,,,,,,6252,6252,774.5655,8.07162195346079,2919,343,215,156,161,253,156,118,142,171,343,325,177,118,30,117,94,41250,41250,42217,20278,60455,52315,,,,9286,44375,56497.6361767729,56181,76456.2137797811,27677,32865.1537335286,25021,26034,38140,16886,22731,36272,11721,30082,9348,25469,28955,44671,40526,30856,4744,30204,25610,65192,48958,29632,22708,21165,31567,38125,35737,41250,56671,19773,2919,2218,701,2919,2201,718,2919,206,2713,2919,756,2163,2919,622,2297,2919,105,2814,2919,48,2871,2919,432,2487,2919,294,2625,26412,31103,16116,32427,19258,,,14339,8297,32202
"17019005701","14000US17019005701","Census Tract 57.01, Champaign County, Illinois","Census Tract 57.01, Champaign County, Illinois","il","140","00","ACSSF","0015516",,,,,"17","019",,,,"005701",,,,,,,,,,,,,,,,,,,,,,,,,,,,,,,,,,,,,5475,5475,5431.41,1.00802551980936,2530,264,69,163,142,92,89,243,89,91,91,251,340,309,92,72,133,53482,53482,69297,23594,187875,21505,,,2499,,69297,69329.2885375494,75638,87173.9820565908,34135,44274.8381128585,31051,40130,54375,21850,24459,43696,9866,35424,19821,20476,26250,31680,65729,45870,17589,28953,26923,33750,73259,27078,25845,12143,25375,28977,38226,53482,85112,25914,2530,1920,610,2530,1839,691,2530,343,2187,2530,1067,1463,2530,757,1773,2530,59,2471,2530,90,2440,2530,564,1966,2530,290,2240,32150,38583,13622,,13466,,25241,,34135,38397
"17019005702","14000US17019005702","Census Tract 57.02, Champaign County, Illinois","Census Tract 57.02, Champaign County, Illinois","il","140","00","ACSSF","0015517",,,,,"17","019",,,,"005702",,,,,,,,,,,,,,,,,,,,,,,,,,,,,,,,,,,,,2630,2630,392.8928,6.69393835029352,1258,194,18,57,100,0,75,111,47,61,35,55,212,83,79,45,86,46107,46107,75233,35750,,15625,,,,,68846,73253.6565977742,53505,86655.6129032258,33140,47442.2360248447,29484,39327,46786,27434,16557,40439,8633,37031,,20637,34053,29453,44424,43634,,22155,35985,65329,51591,22233,,2499,22295,13852,43324,46107,97813,34848,1258,943,315,1258,943,315,1258,105,1153,1258,443,815,1258,324,934,1258,12,1246,1258,0,1258,1258,164,1094,1258,80,1178,34918,42433,14025,,7879,,,,32768,43193
"17019005800","14000US17019005800","Census Tract 58, Champaign County, Illinois","Census Tract 58, Champaign County, Illinois","il","140","00","ACSSF","0015518",,,,,"17","019",,,,"005800",,,,,,,,,,,,,,,,,,,,,,,,,,,,,,,,,,,,,3796,3796,6839.96,0.554973999879536,1613,259,62,150,66,94,64,15,82,8,71,101,167,125,143,131,75,52031,52031,56838,,,16250,,,2499,42841,62604,71388.4686918785,118452,120420.766773163,22250,40142.4518743668,19627,30653,65893,14432,15255,55446,6736,40994,,,35156,43864,40932,53484,,,44375,47132,65764,33110,,,34239,35227,29777,52031,111250,19557,1613,1345,268,1613,1323,290,1613,230,1383,1613,661,952,1613,161,1452,1613,0,1613,1613,0,1613,1613,226,1387,1613,126,1487,30742,33843,,,12416,,24219,619,26132,34014
"17019005900","14000US17019005900","Census Tract 59, Champaign County, Illinois","Census Tract 59, Champaign County, Illinois","il","140","00","ACSSF","0015519",,,,,"17","019",,,,"005900",,,,,,,,,,,,,,,,,,,,,,,,,,,,,,,,,,,,,7311,7311,14449.96,0.505952923334008,1183,538,121,41,110,87,47,38,8,10,21,70,30,14,13,13,22,11205,11205,11042,9954,,11587,,,23816,64152,9973,26483.2628909552,45875,95386.8217054264,9778,18050.0948766603,3691,4500,36078,3997,3340,21125,3269,21992,,,20278,17386,25074,23913,,,30341,11500,26471,20976,,,19875,33173,21016,11205,180096,10676,1183,1036,147,1183,1036,147,1183,89,1094,1183,189,994,1183,0,1183,1183,9,1174,1183,9,1174,1183,0,1183,1183,88,1095,6512,7098,6827,,5064,,5646,5191,9004,6871
"17019006000","14000US17019006000","Census Tract 60, Champaign County, Illinois","Census Tract 60, Champaign County, Illinois","il","140","00","ACSSF","0015520",,,,,"17","019",,,,"006000",,,,,,,,,,,,,,,,,,,,,,,,,,,,,,,,,,,,,3743,3743,865.2193,4.32607100882321,617,232,23,118,59,11,49,0,7,29,40,7,31,7,0,0,4,17696,17696,21078,16250,,16042,,,17604,,20776,24446.3533225284,22125,28544.40433213,11848,21107.6470588235,3290,3255,31397,2751,3359,32188,3191,20441,,,,16354,21314,22132,,,,31111,21635,17844,,,,4205,19688,17696,116964,17500,617,465,152,617,465,152,617,18,599,617,119,498,617,0,617,617,0,617,617,0,617,617,9,608,617,44,573,5485,5983,3124,,5715,,3361,5462,3123,6411
"17019010100","14000US17019010100","Census Tract 101, Champaign County, Illinois","Census Tract 101, Champaign County, Illinois","il","140","00","ACSSF","0015521",,,,,"17","019",,,,"010100",,,,,,,,,,,,,,,,,,,,,,,,,,,,,,,,,,,,,4756,4756,812.9172,5.85053444263062,2152,218,201,239,137,162,159,67,98,70,129,301,251,54,10,43,13,33701,33701,36972,22730,,,,60952,14306,61488,36472,45331.3661710037,52647,56371.6549295775,23909,31798.3267716535,21722,30071,32323,16486,18026,30548,10893,26754,27955,16590,25717,32813,33304,30369,30704,15430,26893,33750,48194,25054,13173,21204,23958,31696,31731,33701,52500,25194,2152,1633,519,2152,1530,622,2152,253,1899,2152,395,1757,2152,644,1508,2152,128,2024,2152,91,2061,2152,532,1620,2152,314,1838,20780,23563,12993,,38185,,27194,3966,18847,23931
"17019010204","14000US17019010204","Census Tract 102.04, Champaign County, Illinois","Census Tract 102.04, Champaign County, Illinois","il","140","00","ACSSF","0015522",,,,,"17","019",,,,"010204",,,,,,,,,,,,,,,,,,,,,,,,,,,,,,,,,,,,,4610,4610,1107.092,4.16406408060578,2001,168,164,107,121,143,117,134,125,102,204,117,245,127,48,45,34,41384,41384,43384,28851,,75469,,,47063,32361,47881,60055.972013993,54911,75922.4961479199,29696,28870.9815078236,27844,32324,41279,17365,19892,33915,10846,31652,19152,29536,34788,41635,56250,35364,19107,33169,47232,36250,81111,25208,20035,21932,25313,46029,40119,41384,52989,26250,2001,1570,431,2001,1536,465,2001,148,1853,2001,381,1620,2001,522,1479,2001,71,1930,2001,35,1966,2001,349,1652,2001,300,1701,26192,28306,14955,,29825,,29636,15152,13541,30611
"17019010300","14000US17019010300","Census Tract 103, Champaign County, Illinois","Census Tract 103, Champaign County, Illinois","il","140","00","ACSSF","0015523",,,,,"17","019",,,,"010300",,,,,,,,,,,,,,,,,,,,,,,,,,,,,,,,,,,,,3292,3292,1009.247,3.26183789268522,1286,62,94,84,206,131,154,44,76,29,88,120,130,29,14,25,0,31854,31854,32632,30265,,49306,,21036,51333,22107,32829,42710.7309486781,36250,46604.6954314721,27143,30591.9678714859,21534,23693,27554,18079,20446,25000,12944,25382,21464,25088,22375,31150,26818,27750,23333,26304,30274,27375,52639,22250,11382,24506,19923,31200,26705,31854,53162,30256,1286,1103,183,1286,1093,193,1286,32,1254,1286,138,1148,1286,196,1090,1286,70,1216,1286,53,1233,1286,122,1164,1286,218,1068,16769,17968,15696,,26638,,10162,12898,11111,18443
"17019010400","14000US17019010400","Census Tract 104, Champaign County, Illinois","Census Tract 104, Champaign County, Illinois","il","140","00","ACSSF","0015524",,,,,"17","019",,,,"010400",,,,,,,,,,,,,,,,,,,,,,,,,,,,,,,,,,,,,5030,5030,28.00982,179.579889945436,2126,106,131,133,113,133,153,119,62,86,240,257,288,158,59,77,11,51023,51023,51818,14868,,53438,,48750,,4402,52254,58014.3932267168,56381,63587.0860927152,33839,41599.1883116883,25952,33560,45239,19821,20270,30000,12256,31553,19904,29792,31250,41739,45069,38625,25750,36528,40119,48750,47083,23042,17188,21324,21630,40109,43750,51023,59468,24865,2126,1730,396,2126,1644,482,2126,358,1768,2126,547,1579,2126,610,1516,2126,62,2064,2126,62,2064,2126,462,1664,2126,351,1775,24628,25275,17275,,20820,,13096,3797,5476,25909
"17019010500","14000US17019010500","Census Tract 105, Champaign County, Illinois","Census Tract 105, Champaign County, Illinois","il","140","00","ACSSF","0015525",,,,,"17","019",,,,"010500",,,,,,,,,,,,,,,,,,,,,,,,,,,,,,,,,,,,,4064,4064,28.04286,144.92103592758,1608,55,39,65,70,48,79,69,61,22,155,287,327,178,70,45,38,66569,66569,66544,,,,,,83375,90882,65564,75975.6218905473,72895,85589.9838449111,33235,39551.6216216216,32581,41031,50913,27045,23678,38681,14583,39125,37813,33403,41111,43843,42083,44564,29583,43000,48281,65972,44306,31090,,24012,29688,43056,41354,66569,70553,44712,1608,1329,279,1608,1285,323,1608,238,1370,1608,506,1102,1608,460,1148,1608,43,1565,1608,16,1592,1608,345,1263,1608,271,1337,30165,30397,,,27572,,,22754,35682,30294
"17019010601","14000US17019010601","Census Tract 106.01, Champaign County, Illinois","Census Tract 106.01, Champaign County, Illinois","il","140","00","ACSSF","0015526",,,,,"17","019",,,,"010601",,,,,,,,,,,,,,,,,,,,,,,,,,,,,,,,,,,,,5468,5468,425.6943,12.8448988952845,2046,46,17,38,119,84,65,106,87,70,205,343,287,244,111,90,134,68951,68951,69105,,,73750,,,58611,75192,69074,84221.1143695015,76995,96075.2628324057,32031,36029.8368298368,36203,45955,53774,26604,27025,40185,15909,39900,32344,30446,34063,44321,63194,47744,42031,41683,37011,66343,80250,33806,2499,9439,25724,37955,55833,68951,74344,37685,2046,1862,184,2046,1828,218,2046,273,1773,2046,698,1348,2046,368,1678,2046,28,2018,2046,33,2013,2046,340,1706,2046,147,1899,31733,32480,7598,,22377,,,7292,13059,33100
"17019010603","14000US17019010603","Census Tract 106.03, Champaign County, Illinois","Census Tract 106.03, Champaign County, Illinois","il","140","00","ACSSF","0015527",,,,,"17","019",,,,"010603",,,,,,,,,,,,,,,,,,,,,,,,,,,,,,,,,,,,,6987,6987,357.5164,19.5431561845074,2509,159,55,74,34,75,112,223,142,96,116,299,316,300,213,186,109,67621,67621,67115,,,250001,,,,43375,68266,87017.2977281786,73529,91514.6305418719,45625,65345.9290187891,28403,44985,64335,15045,19546,34813,12218,40963,38250,18600,39455,58045,72621,61089,2499,38200,44081,64271,84896,24069,,15444,29250,29138,44833,67621,79000,42956,2509,2253,256,2509,2215,294,2509,294,2215,2509,609,1900,2509,554,1955,2509,27,2482,2509,15,2494,2509,428,2081,2509,277,2232,31193,30821,,,104560,,,8675,108034,29644
"17019010604","14000US17019010604","Census Tract 106.04, Champaign County, Illinois","Census Tract 106.04, Champaign County, Illinois","il","140","00","ACSSF","0015528",,,,,"17","019",,,,"010604",,,,,,,,,,,,,,,,,,,,,,,,,,,,,,,,,,,,,3134,3134,31.43266,99.7051970897163,1322,119,29,117,14,48,32,85,72,88,127,184,164,121,52,26,44,56389,56389,55417,2499,,2499,,,107841,,55972,63981.6187594554,68631,77100,30260,34692.9411764706,30045,40608,44088,20000,19797,37500,9840,33996,9360,19951,36146,46875,39583,40306,9024,40242,37386,51250,38333,24297,11964,16762,29125,45516,55815,56389,64279,25901,1322,1151,171,1322,1015,307,1322,325,997,1322,356,966,1322,365,957,1322,9,1313,1322,6,1316,1322,276,1046,1322,73,1249,26977,27217,12344,,,,,39317,14618,27504
"17019010700","14000US17019010700","Census Tract 107, Champaign County, Illinois","Census Tract 107, Champaign County, Illinois","il","140","00","ACSSF","0015529",,,,,"17","019",,,,"010700",,,,,,,,,,,,,,,,,,,,,,,,,,,,,,,,,,,,,7746,7746,71.31026,108.623922581881,2987,99,121,40,68,182,45,109,157,141,264,472,639,274,193,119,64,68544,68544,68454,,98000,,,,,35781,68737,75016.9065952461,75838,81323.5828645608,36827,45045.1183431953,34329,42815,49813,21184,27674,41104,14455,39570,21806,34076,35909,46250,58846,44959,22500,41453,40909,52200,52310,32538,20938,23316,32041,35455,61141,68544,73802,47516,2987,2515,472,2987,2382,605,2987,420,2567,2987,856,2131,2987,610,2377,2987,45,2942,2987,42,2945,2987,678,2309,2987,437,2550,29531,29842,31922,30813,7882,,2114,37275,14493,30133
"17019010800","14000US17019010800","Census Tract 108, Champaign County, Illinois","Census Tract 108, Champaign County, Illinois","il","140","00","ACSSF","0015530",,,,,"17","019",,,,"010800",,,,,,,,,,,,,,,,,,,,,,,,,,,,,,,,,,,,,4630,4630,28.93581,160.009365294357,1820,52,118,58,68,62,157,55,69,77,168,237,277,135,131,92,64,61512,61512,61802,,,,,,,11827,62355,76622.7472527473,72242,87232.0057929037,30712,39539.4077448747,33059,44898,55425,21639,25136,33942,13715,38264,24750,30000,39651,48261,60288,48093,36250,41667,50363,48077,71750,26881,15875,22028,26809,48500,43281,61512,69408,30530,1820,1514,306,1820,1455,365,1820,378,1442,1820,513,1307,1820,478,1342,1820,24,1796,1820,16,1804,1820,322,1498,1820,228,1592,30216,30845,18734,,,,4800,570,3230,31425
"17019010900","14000US17019010900","Census Tract 109, Champaign County, Illinois","Census Tract 109, Champaign County, Illinois","il","140","00","ACSSF","0015531",,,,,"17","019",,,,"010900",,,,,,,,,,,,,,,,,,,,,,,,,,,,,,,,,,,,,9173,9173,50.53234,181.527327539741,3701,184,61,94,160,191,189,137,146,253,392,653,533,428,142,69,69,62175,62175,62931,6818,,45950,,,16458,29712,63067,68031.4509592002,68408,77385.2259779719,41364,43744.2883895131,30808,37528,46005,22304,24815,34015,12316,36101,31063,33022,34805,45602,51591,41701,27031,40086,37213,54041,65391,31691,34286,24375,32616,32188,43359,62175,67447,38696,3701,3155,546,3701,3051,650,3701,521,3180,3701,903,2798,3701,852,2849,3701,32,3669,3701,29,3672,3701,603,3098,3701,480,3221,27444,27855,12305,,16920,,,5369,14450,27924
"17019011000","14000US17019011000","Census Tract 110, Champaign County, Illinois","Census Tract 110, Champaign County, Illinois","il","140","00","ACSSF","0015532",,,,,"17","019",,,,"011000",,,,,,,,,,,,,,,,,,,,,,,,,,,,,,,,,,,,,3928,3928,5357.44,0.733186022483502,2284,332,198,231,220,252,195,197,89,68,149,104,55,80,76,31,7,27874,27874,29942,25158,,24028,,2499,,17500,30266,38170.4465849387,47883,59158.4786053883,25010,30098.8505747126,21216,22060,29076,13946,19273,30145,13057,26372,12083,21705,26142,28307,32198,25829,31500,21250,26827,23882,28472,27115,10250,22083,25506,28833,33214,27874,56273,23072,2284,2044,240,2284,1980,304,2284,243,2041,2284,371,1913,2284,230,2054,2284,88,2196,2284,14,2270,2284,113,2171,2284,93,2191,23280,25259,17006,,13862,,925,25328,11168,26549
"17019011100","14000US17019011100","Census Tract 111, Champaign County, Illinois","Census Tract 111, Champaign County, Illinois","il","140","00","ACSSF","0015533",,,,,"17","019",,,,"011100",,,,,,,,,,,,,,,,,,,,,,,,,,,,,,,,,,,,,2259,2259,5402.724,0.418122400567107,1197,241,255,98,147,76,57,25,117,15,80,0,69,8,9,0,0,20077,20077,20529,11506,,20631,,,20781,,19290,26241.0192147034,20536,29146.3235294118,20028,25868.6145146089,13758,14097,35179,12148,12188,21620,8074,21340,4875,21563,15905,22328,21675,22336,3750,21719,25278,31053,21949,18906,,4875,15129,19516,21280,20077,55833,18977,1197,1012,185,1197,1012,185,1197,43,1154,1197,285,912,1197,69,1128,1197,8,1189,1197,6,1191,1197,24,1173,1197,20,1177,15097,17894,9646,,12381,,,18739,17254,17737
"17041952000","14000US17041952000","Census Tract 9520, Douglas County, Illinois","Census Tract 9520, Douglas County, Illinois","il","140","00","ACSSF","0016926",,,,,"17","041",,,,"952000",,,,,,,,,,,,,,,,,,,,,,,,,,,,,,,,,,,,,2513,2513,13.96597,179.937315539686,944,85,43,76,49,86,31,88,51,23,82,115,122,70,8,7,8,40921,40921,41053,,,,,,,21875,41020,50668.2203389831,51250,56541.7310664606,28722,36496.9696969697,18763,30417,42121,17070,13447,29125,8967,25864,20815,23398,34038,27292,50750,38162,22417,30903,46442,26250,,20045,10556,15000,20208,27292,50250,40921,48750,29375,944,750,194,944,719,225,944,203,741,944,211,733,944,266,678,944,21,923,944,20,924,944,141,803,944,168,776,20024,20130,,,,,9986,,11122,20142
"17041952100","14000US17041952100","Census Tract 9521, Douglas County, Illinois","Census Tract 9521, Douglas County, Illinois","il","140","00","ACSSF","0016927",,,,,"17","041",,,,"952100",,,,,,,,,,,,,,,,,,,,,,,,,,,,,,,,,,,,,4140,4140,59.50386,69.5753215845016,1669,84,78,64,88,74,107,142,80,89,169,235,220,155,70,14,0,51113,51113,51113,,,,,,,142750,51074,57144.9370880767,62327,66367.4889867841,33167,33919.4756554307,27388,37266,48277,22794,19187,30694,11455,33030,36806,25152,34059,35069,53333,42793,42500,32043,46908,41563,77857,24932,36111,16840,26765,32670,48125,51113,57163,38864,1669,1288,381,1669,1194,475,1669,230,1439,1669,475,1194,1669,521,1148,1669,52,1617,1669,25,1644,1669,329,1340,1669,205,1464,23161,23419,,,14091,,7471,,16359,23471
"17041952300","14000US17041952300","Census Tract 9523, Douglas County, Illinois","Census Tract 9523, Douglas County, Illinois","il","140","00","ACSSF","0016929",,,,,"17","041",,,,"952300",,,,,,,,,,,,,,,,,,,,,,,,,,,,,,,,,,,,,5259,5259,49.77782,105.6494532021,1769,66,160,91,76,69,172,105,115,149,118,221,177,127,52,53,18,45778,45778,45906,,31932,,,,,11544,46071,56540.6444318824,54521,65142.1686746988,25707,30480.4988662132,26584,34421,40962,14444,19028,28875,10517,32140,32232,32115,31429,31369,48618,36875,36071,36908,38000,44375,49276,25487,18750,25274,26136,30299,43438,45778,53165,20375,1769,1496,273,1769,1283,486,1769,464,1305,1769,491,1278,1769,520,1249,1769,81,1688,1769,42,1727,1769,142,1627,1769,232,1537,19038,19443,,29696,,,,1263,3244,19799
"17053961700","14000US17053961700","Census Tract 9617, Ford County, Illinois","Census Tract 9617, Ford County, Illinois","il","140","00","ACSSF","0017171",,,,,"17","053",,,,"961700",,,,,,,,,,,,,,,,,,,,,,,,,,,,,,,,,,,,,2244,2244,13.2951,168.784015987719,870,39,47,65,27,69,83,18,17,53,57,108,146,100,21,20,0,52361,52361,52361,,,,,,,,52500,59167.1264367816,67333,70210.6796116505,27045,31888.4920634921,25688,36630,58043,16250,16026,31464,11589,33125,18875,26500,34188,54167,42188,50027,18906,41071,55083,60909,98281,24491,18750,14722,28158,37000,41406,52361,59167,33056,870,709,161,870,623,247,870,216,654,870,234,636,870,264,606,870,5,865,870,27,843,870,111,759,870,125,745,23638,23468,,,,,,42510,4266,23791
"17053961800","14000US17053961800","Census Tract 9618, Ford County, Illinois","Census Tract 9618, Ford County, Illinois","il","140","00","ACSSF","0017172",,,,,"17","053",,,,"961800",,,,,,,,,,,,,,,,,,,,,,,,,,,,,,,,,,,,,4454,4454,948.154,4.69754917783403,1669,143,112,63,88,97,117,145,51,149,73,202,229,120,36,33,11,45771,45771,45979,,2499,,,,,62308,45479,55227.2019173158,62240,65768.8151658768,22800,35608.1433224756,21403,29107,42580,14130,15667,30429,10850,28547,8281,25355,31585,35769,42069,35185,7037,31688,43580,37604,21979,25328,9844,21402,25764,30341,42284,45771,49719,28295,1669,1268,401,1669,1246,423,1669,149,1520,1669,435,1234,1669,542,1127,1669,61,1608,1669,23,1646,1669,288,1381,1669,264,1405,21538,21787,4524,,,,,,12314,22155
"17113005502","14000US17113005502","Census Tract 55.02, McLean County, Illinois","Census Tract 55.02, McLean County, Illinois","il","140","00","ACSSF","0017744",,,,,"17","113",,,,"005502",,,,,,,,,,,,,,,,,,,,,,,,,,,,,,,,,,,,,2253,2253,17.45391,129.082815827718,878,14,53,29,43,42,52,17,38,21,71,132,123,113,36,81,13,66557,66557,66639,,,,,,,,66859,73959.3394077449,76875,87837.7976190476,25125,28150.4854368932,30648,40673,47639,18542,22044,36198,12012,35525,11250,31406,32431,40694,39219,45721,23750,45913,37727,60795,107875,26250,,12269,21768,35227,38750,66557,69074,15833,878,666,212,878,584,294,878,185,693,878,340,538,878,347,531,878,12,866,878,0,878,878,197,681,878,141,737,29039,29189,,,,,,,,29213
"17147954500","14000US17147954500","Census Tract 9545, Piatt County, Illinois","Census Tract 9545, Piatt County, Illinois","il","140","00","ACSSF","0017986",,,,,"17","147",,,,"954500",,,,,,,,,,,,,,,,,,,,,,,,,,,,,,,,,,,,,4728,4728,28.16712,167.855307437718,1784,82,50,52,35,67,121,60,79,124,162,240,255,248,70,92,47,63250,63250,63406,,,,,,,84375,63156,72930.8295964126,72832,80480.8834178132,40568,44938.7096774194,29462,40755,50225,19259,22434,31781,12909,36500,25938,27917,40701,52892,45208,43547,26094,36518,52250,54120,118750,27059,24750,20700,25300,46250,44531,63250,70375,37083,1784,1485,299,1784,1387,397,1784,342,1442,1784,532,1252,1784,499,1285,1784,16,1768,1784,6,1778,1784,321,1463,1784,201,1583,27710,28046,,,,,,7983,25005,28098
"17147954600","14000US17147954600","Census Tract 9546, Piatt County, Illinois","Census Tract 9546, Piatt County, Illinois","il","140","00","ACSSF","0017987",,,,,"17","147",,,,"954600",,,,,,,,,,,,,,,,,,,,,,,,,,,,,,,,,,,,,5489,5489,217.3183,25.2578853647198,2285,66,141,118,83,137,144,142,116,62,245,311,251,216,133,83,37,57018,57018,57018,,,,,,,,56957,70599.2560175055,68967,77101.7456359102,28322,54242.5844346549,26570,40696,52391,21445,19650,38732,13415,33356,13444,22879,30556,45849,57433,45731,13036,30662,49116,71830,65972,24432,26818,16047,19613,36612,53264,57018,64136,26372,2285,1816,469,2285,1764,521,2285,340,1945,2285,705,1580,2285,796,1489,2285,22,2263,2285,11,2274,2285,545,1740,2285,260,2025,30111,30110,,,,,,28058,7068,30273
"17147954700","14000US17147954700","Census Tract 9547, Piatt County, Illinois","Census Tract 9547, Piatt County, Illinois","il","140","00","ACSSF","0017988",,,,,"17","147",,,,"954700",,,,,,,,,,,,,,,,,,,,,,,,,,,,,,,,,,,,,3696,3696,32.02003,115.427734800316,1452,70,61,108,112,44,95,89,121,129,140,201,186,73,14,6,3,46250,46250,46442,,,,,,44205,55625,46394,50900.7575757576,50250,56854.6106557377,30407,37544.5378151261,24195,32153,44805,21700,16988,31075,10395,30951,20972,30174,31601,33304,20750,40556,45625,35833,50809,35000,21667,22038,11500,21394,23362,33021,20357,46250,49662,31216,1452,1154,298,1452,1101,351,1452,197,1255,1452,328,1124,1452,415,1037,1452,33,1419,1452,4,1448,1452,254,1198,1452,183,1269,21030,21371,,,,,9200,6808,10884,21479
"17183010300","14000US17183010300","Census Tract 103, Vermilion County, Illinois","Census Tract 103, Vermilion County, Illinois","il","140","00","ACSSF","0018251",,,,,"17","183",,,,"010300",,,,,,,,,,,,,,,,,,,,,,,,,,,,,,,,,,,,,4977,4977,22.12655,224.933341776101,1837,54,29,62,100,95,172,59,114,136,227,205,335,135,75,21,18,54205,54205,54332,,,,,53553,,45000,54364,61395.7539466521,56472,63782.3568136932,34732,46353.7735849057,29190,37167,44038,21569,20304,32935,11620,33891,26042,32404,35960,38750,41339,40046,35921,37316,46250,41667,41339,25828,21471,19135,32500,32083,48750,54205,56331,42019,1837,1414,423,1837,1335,502,1837,293,1544,1837,449,1388,1837,544,1293,1837,75,1762,1837,18,1819,1837,429,1408,1837,278,1559,23414,23399,,,,,27571,11908,25334,23504
"17183010800","14000US17183010800","Census Tract 108, Vermilion County, Illinois","Census Tract 108, Vermilion County, Illinois","il","140","00","ACSSF","0018257",,,,,"17","183",,,,"010800",,,,,,,,,,,,,,,,,,,,,,,,,,,,,,,,,,,,,3489,3489,54.06421,64.534371587822,1262,105,57,65,27,107,47,59,81,80,110,191,129,109,59,26,10,50125,50125,50063,,,,,103438,,104063,50000,58269.5721077655,54006,64358.9823468328,25871,33660.5351170569,26835,30964,39968,20333,22809,32390,8964,32062,30494,31086,32857,41250,49250,34922,30698,33603,38882,31818,49500,30668,19583,27409,25208,45938,47188,50125,52724,26927,1262,1045,217,1262,996,266,1262,156,1106,1262,294,968,1262,364,898,1262,30,1232,1262,18,1244,1262,269,993,1262,255,1007,21732,21677,,,7900,,,,15063,21865
"17183010900","14000US17183010900","Census Tract 109, Vermilion County, Illinois","Census Tract 109, Vermilion County, Illinois","il","140","00","ACSSF","0018258",,,,,"17","183",,,,"010900",,,,,,,,,,,,,,,,,,,,,,,,,,,,,,,,,,,,,3126,3126,17.22724,181.456766595058,1163,35,69,49,80,60,37,26,103,64,131,142,208,85,37,26,11,53633,53633,53828,,,,,,,30417,54023,61117.1969045572,58696,67071.6507177033,40104,42675.2293577982,27266,35200,43686,19563,17841,35323,9446,35279,20313,31505,38077,41016,52321,40127,13594,38281,42330,41797,54107,27026,27841,24492,32625,36364,50714,53633,57976,35417,1163,919,244,1163,858,305,1163,204,959,1163,264,899,1163,349,814,1163,25,1138,1163,3,1160,1163,168,995,1163,222,941,23330,23354,,,,,,20955,3640,23418
