Geo_NAME,Geo_QName,Geo_AREALAND,Geo_AREAWATR,Geo_SUMLEV,Geo_GEOCOMP,Geo_REGION,Geo_DIVISION,Geo_FIPS,Geo_STATE,Geo_COUNTY,Geo_TRACT,Geo_BLKGRP,SE_T001_001,SE_T002_001,SE_T002_002,SE_T002_006,SE_T02A_001,SE_T02A_002,SE_T02A_003,SE_T003_001,SE_T003_002,SE_T003_003,SE_T008_001,SE_T008_002,SE_T008_003,SE_T008_004,SE_T008_005,SE_T008_006,SE_T008_007,SE_T008_008,SE_T008_009,SE_T008_010,SE_T008_011,SE_T008_012,SE_T008_013,SE_T044_001,SE_T044_002,SE_T044_003,SE_T054_001,SE_T054_002,SE_T054_003,SE_T054_004,SE_T054_005,SE_T054_006,SE_T054_007,SE_T054_008,SE_T055_001,SE_T055_002,SE_T055_003,SE_T055_004,SE_T055_005,SE_T055_006,SE_T055_007,SE_T055_008,SE_T055_009,SE_T055_010,SE_T055_011,SE_T055_012,SE_T055_013,SE_T055_014,SE_T055_015,SE_T055_016,SE_T055_017,SE_T058_001,SE_T058_002,SE_T058_003,SE_T058_004,SE_T058_005,SE_T058_006,SE_T058_007,SE_T058_008,SE_T058_009,SE_T063_001,SE_T063_002,SE_T063_003,SE_T063_004,SE_T063_005,SE_T063_006,SE_T063_007,SE_T063_008,SE_T063_009,SE_T063_010,SE_T063_011,SE_T063_012,SE_T063_013,SE_T063_014,SE_T063_015,SE_T063_016,SE_T063_017,SE_T063_018,SE_T068_001,SE_T069_001,SE_T069_002,SE_T069_003,SE_T070_001,SE_T070_002,SE_T070_003,SE_T071_001,SE_T071_002,SE_T071_003,SE_T071_004
"Block Group 1","Block Group 1, Census Tract 2, Champaign County, Illinois","748559","0","150","00","2","3","170190002001","17","019","000200","1",848,848,2934.05,0.289020258008917,0.2890203,0.2890203,0,848,363,485,848,82,90,87,47,95,97,85,110,53,49,38,15,27.6,22.4,30.7,848,29,779,3,5,0,9,23,848,822,25,771,3,5,0,3,15,26,4,8,0,0,0,6,8,316,204,57,147,19,128,112,95,17,848,848,717,204,57,346,30,14,13,25,28,131,95,17,19,0,0,0,346,316,128,188,346,316,30,30,17,4,9
"Block Group 2","Block Group 2, Census Tract 2, Champaign County, Illinois","666814","0","150","00","2","3","170190002002","17","019","000200","2",845,845,3282.084,0.257458335714297,0.2574583,0.2574583,0,845,394,451,845,67,63,52,39,111,100,107,110,104,45,28,19,34.1,30,35.7,845,90,685,1,5,0,31,33,845,803,86,680,1,5,0,0,31,42,4,5,0,0,0,31,2,300,169,71,98,15,83,131,103,28,845,807,620,169,71,241,51,13,5,32,38,187,103,28,56,38,0,38,354,300,138,162,354,300,54,54,34,5,15
"Block Group 1","Block Group 1, Census Tract 3.01, Champaign County, Illinois","230209","0","150","00","2","3","170190003011","17","019","000301","1",1679,1679,18889.75,0.0888841956024507,0.0888842,0.0888842,0,1679,1051,628,1679,1,0,1,3,1458,159,25,18,12,0,2,0,21.7,21.7,21.8,1679,1271,92,2,200,1,79,34,1679,1513,1197,89,0,196,1,5,25,166,74,3,2,4,0,74,9,820,30,14,16,10,6,790,405,385,1679,1679,86,30,14,6,0,15,0,1,20,1593,405,385,803,0,0,0,859,820,1,819,859,820,39,39,38,0,1
"Block Group 2","Block Group 2, Census Tract 3.01, Champaign County, Illinois","226581","634","150","00","2","3","170190003012","17","019","000301","2",3140,3140,35892.52,0.0874834169115842,0.0877282,0.08748341,0.0002447888,3140,1641,1499,3140,12,3,1,2,2879,129,10,9,9,19,19,48,21.7,21.7,21.6,3140,2346,106,6,510,1,88,83,3140,2925,2242,99,5,504,1,10,64,215,104,7,1,6,0,78,19,1150,42,15,27,13,14,1108,244,864,3140,2975,122,42,15,16,5,20,0,5,19,2853,244,864,1745,165,89,76,1237,1150,3,1147,1237,1150,87,87,67,0,20
"Block Group 1","Block Group 1, Census Tract 3.02, Champaign County, Illinois","202863","0","150","00","2","3","170190003021","17","019","000302","1",502,502,6409.123,0.078325845525153,0.07832585,0.07832585,0,502,323,179,502,2,0,2,0,293,91,17,40,43,6,4,4,23.4,23.8,22.8,502,307,85,3,77,0,21,9,502,447,279,82,1,77,0,2,6,55,28,3,2,0,0,19,3,284,20,9,11,9,2,264,159,105,502,502,45,20,9,5,1,7,0,0,3,457,159,105,193,0,0,0,301,284,9,275,301,284,17,17,14,2,1
"Block Group 2","Block Group 2, Census Tract 3.02, Champaign County, Illinois","109186","0","150","00","2","3","170190003022","17","019","000302","2",1485,1485,35225.51,0.0421569520785424,0.04215695,0.04215695,0,1485,946,539,1485,2,0,0,0,1099,336,27,14,4,3,0,0,22.6,22.8,22.4,1485,695,35,1,666,0,29,59,1485,1405,666,34,0,658,0,1,46,80,29,1,1,8,0,28,13,888,31,18,13,1,12,857,536,321,1485,1485,74,31,18,2,0,11,0,1,11,1411,536,321,554,0,0,0,903,888,1,887,903,888,15,15,15,0,0
"Block Group 3","Block Group 3, Census Tract 3.02, Champaign County, Illinois","115588","0","150","00","2","3","170190003023","17","019","000302","3",1385,1385,31033.79,0.0446287782028334,0.04462878,0.04462878,0,1385,912,473,1385,4,0,0,0,1022,309,26,13,9,2,0,0,22.6,22.7,22.4,1385,694,60,3,543,0,36,49,1385,1312,664,58,3,541,0,2,44,73,30,2,0,2,0,34,5,799,43,29,14,9,5,756,436,320,1385,1385,98,43,29,9,0,10,0,2,5,1287,436,320,531,0,0,0,839,799,3,796,839,799,40,40,38,0,2
"Block Group 1","Block Group 1, Census Tract 4.01, Champaign County, Illinois","165254","0","150","00","2","3","170190004011","17","019","000401","1",2527,2527,39605.09,0.0638049288259251,0.06380493,0.06380493,0,2527,1204,1323,2527,6,3,2,1,2397,92,15,5,4,1,1,0,20.2,20.3,20.2,2527,1856,82,5,493,0,27,64,2527,2396,1763,78,4,491,0,3,57,131,93,4,1,2,0,24,7,184,5,1,4,2,2,179,160,19,2527,246,17,5,1,11,0,0,0,0,0,229,160,19,50,2281,0,2281,186,184,1,183,186,184,2,2,2,0,0
"Block Group 2","Block Group 2, Census Tract 4.01, Champaign County, Illinois","89888","0","150","00","2","3","170190004012","17","019","000401","2",2316,2316,66732.07,0.0347059523055705,0.03470595,0.03470595,0,2316,1252,1064,2316,9,3,4,2,2214,66,7,6,3,2,0,0,20.4,20.5,20.3,2316,1944,31,4,238,5,43,51,2316,2171,1853,30,2,236,5,3,42,145,91,1,2,2,0,40,9,355,21,5,16,5,11,334,113,221,2316,913,59,21,5,20,0,8,1,2,2,854,113,221,520,1403,0,1403,384,355,0,355,384,355,29,29,6,22,1
"Block Group 1","Block Group 1, Census Tract 4.02, Champaign County, Illinois","171907","0","150","00","2","3","170190004021","17","019","000402","1",1712,1712,25793.36,0.0663736665961387,0.06637367,0.06637367,0,1712,983,729,1712,12,5,3,3,1580,92,6,6,5,0,0,0,21.7,21.8,21.7,1712,1403,78,4,133,2,47,45,1712,1579,1334,75,2,128,2,2,36,133,69,3,2,5,0,45,9,662,40,6,34,17,17,622,222,400,1712,1596,112,40,6,24,0,19,0,10,13,1484,222,400,862,116,0,116,687,662,1,661,687,662,25,25,20,3,2
"Block Group 2","Block Group 2, Census Tract 4.02, Champaign County, Illinois","151735","0","150","00","2","3","170190004022","17","019","000402","2",2219,2219,37876.45,0.0585852135222248,0.05858522,0.05858522,0,2219,1295,924,2219,16,2,3,2,2114,65,5,4,5,0,1,2,21.3,21.2,21.3,2219,1819,58,4,225,1,68,44,2219,2050,1727,58,2,221,1,8,33,169,92,0,2,4,0,60,11,632,24,8,16,11,5,608,214,394,2219,1644,90,24,8,18,0,11,1,11,17,1554,214,394,946,575,0,575,661,632,2,630,661,632,29,29,28,1,0
"Block Group 1","Block Group 1, Census Tract 5, Champaign County, Illinois","305569","0","150","00","2","3","170190005001","17","019","000500","1",821,821,6958.756,0.117980855509755,0.1179809,0.1179809,0,821,428,393,821,44,24,23,21,197,253,76,74,63,21,18,7,27.7,26.9,29.5,821,612,104,0,38,0,31,36,821,769,593,104,0,38,0,0,34,52,19,0,0,0,0,31,2,399,144,85,59,13,46,255,162,93,821,821,419,144,85,123,15,15,7,10,20,402,162,93,147,0,0,0,413,399,132,267,413,399,14,14,8,1,5
"Block Group 2","Block Group 2, Census Tract 5, Champaign County, Illinois","374427","0","150","00","2","3","170190005002","17","019","000500","2",634,634,4385.507,0.14456707907527,0.1445671,0.1445671,0,634,317,317,634,34,37,38,21,44,104,77,115,92,39,18,15,40.4,37.5,42.4,634,578,23,7,9,0,2,15,634,614,565,23,3,9,0,1,13,20,13,0,4,0,0,1,2,286,177,147,30,8,22,109,81,28,634,634,493,177,147,162,1,1,1,0,4,141,81,28,32,0,0,0,296,286,235,51,296,286,10,10,3,4,3
"Block Group 3","Block Group 3, Census Tract 5, Champaign County, Illinois","433786","0","150","00","2","3","170190005003","17","019","000500","3",1565,1565,9344.08,0.167485718080547,0.1674857,0.1674857,0,1565,871,694,1565,54,36,27,22,475,435,156,161,129,38,21,11,27.4,27.4,27.5,1565,1247,136,6,111,0,34,31,1565,1443,1165,135,5,110,0,1,27,122,82,1,1,1,0,33,4,853,223,170,53,18,35,630,426,204,1565,1554,607,223,170,153,7,13,7,15,19,947,426,204,317,11,0,11,903,853,172,681,903,853,50,50,32,15,3
"Block Group 4","Block Group 4, Census Tract 5, Champaign County, Illinois","759317","0","150","00","2","3","170190005004","17","019","000500","4",899,899,3066.439,0.293173945207468,0.2931739,0.2931739,0,899,487,412,899,36,41,23,18,122,174,118,113,129,57,50,18,37.7,36.2,40.3,899,726,70,1,66,0,13,23,899,873,713,66,1,66,0,7,20,26,13,4,0,0,0,6,3,476,200,155,45,16,29,276,211,65,899,899,542,200,155,158,2,7,4,2,14,357,211,65,81,0,0,0,495,476,237,239,495,476,19,19,6,7,6
"Block Group 1","Block Group 1, Census Tract 7, Champaign County, Illinois","238109","0","150","00","2","3","170190007001","17","019","000700","1",850,850,9245.723,0.0919344027848778,0.09193441,0.09193441,0,850,469,381,850,103,90,69,33,109,156,126,86,40,26,11,1,26.4,25.5,27.9,850,244,104,1,54,0,435,12,850,241,84,99,0,49,0,0,9,609,160,5,1,5,0,435,3,267,195,129,66,32,34,72,53,19,850,850,758,195,129,323,19,23,6,26,37,92,53,19,20,0,0,0,279,267,219,48,279,267,12,12,1,9,2
"Block Group 2","Block Group 2, Census Tract 7, Champaign County, Illinois","861449","0","150","00","2","3","170190007002","17","019","000700","2",963,963,2895.306,0.332607332543626,0.3326073,0.3326073,0,963,478,485,963,66,68,76,53,113,161,128,128,97,41,22,10,30.9,28.5,33.4,963,388,499,2,15,1,35,23,963,860,341,480,2,15,0,1,21,103,47,19,0,0,1,34,2,373,215,87,128,23,105,158,110,48,963,963,742,215,87,313,37,17,8,24,41,221,110,48,63,0,0,0,416,373,173,200,416,373,43,43,22,16,5
"Block Group 3","Block Group 3, Census Tract 7, Champaign County, Illinois","1474996","64","150","00","2","3","170190007003","17","019","000700","3",1837,1837,3225.641,0.569499163702689,0.5695239,0.5694991,2.471054E-05,1837,980,857,1837,164,112,120,81,218,292,287,251,171,87,32,22,32.1,31.6,32.8,1837,735,819,3,56,0,172,52,1837,1562,653,814,2,56,0,1,36,275,82,5,1,0,0,171,16,758,407,195,212,58,154,351,279,72,1837,1837,1386,407,195,542,41,53,13,56,79,451,279,72,100,0,0,0,838,758,336,422,838,758,80,80,63,7,10
"Block Group 1","Block Group 1, Census Tract 8, Champaign County, Illinois","3498224","32","150","00","2","3","170190008001","17","019","000800","1",2391,2391,1770.23,1.35067189500492,1.350684,1.350672,1.235527E-05,2391,1184,1207,2391,228,160,133,55,285,646,308,201,178,94,68,35,29.4,29.8,29,2391,1102,711,11,336,2,148,81,2391,2086,986,689,2,335,2,3,69,305,116,22,9,1,0,145,12,1030,542,336,206,49,157,488,380,108,2391,2342,1730,542,336,613,31,53,20,50,85,612,380,108,124,49,49,0,1125,1030,226,804,1125,1030,95,95,81,9,5
"Block Group 2","Block Group 2, Census Tract 8, Champaign County, Illinois","8690533","24","150","00","2","3","170190008002","17","019","000800","2",2453,2453,731.053,3.35543369312908,3.355443,3.355434,9.266452E-06,2453,1196,1257,2453,220,130,71,55,606,693,281,160,136,70,25,6,26.8,27.1,26.4,2453,1309,535,8,461,0,39,101,2453,2322,1240,529,8,461,0,4,80,131,69,6,0,0,0,35,21,1099,531,347,184,49,135,568,366,202,2453,2419,1549,531,347,501,11,42,28,40,49,870,366,202,302,34,0,34,1275,1099,435,664,1275,1099,176,176,110,47,19
"Block Group 1","Block Group 1, Census Tract 9.01, Champaign County, Illinois","675141","0","150","00","2","3","170190009011","17","019","000901","1",755,755,2896.344,0.260673408525445,0.2606734,0.2606734,0,755,360,395,755,59,49,51,29,109,177,81,96,66,12,15,11,27.9,29.2,27.3,755,378,278,4,27,1,19,48,755,702,352,277,3,27,1,1,41,53,26,1,1,0,0,18,7,326,152,65,87,23,64,174,122,52,755,755,520,152,65,207,24,15,13,16,28,235,122,52,61,0,0,0,364,326,112,214,364,326,38,38,21,8,9
"Block Group 2","Block Group 2, Census Tract 9.01, Champaign County, Illinois","1377571","0","150","00","2","3","170190009012","17","019","000901","2",2335,2335,4390.062,0.531883159304213,0.5318832,0.5318832,0,2335,1064,1271,2335,245,227,211,167,306,340,266,238,185,84,49,17,25.3,22.1,27.4,2335,544,1622,2,38,5,47,77,2335,2240,511,1607,1,38,5,5,73,95,33,15,1,0,0,42,4,846,545,167,378,46,332,301,231,70,2335,2335,1943,545,167,904,127,37,19,52,92,392,231,70,91,0,0,0,1039,846,265,581,1039,846,193,193,156,23,14
"Block Group 3","Block Group 3, Census Tract 9.01, Champaign County, Illinois","689645","0","150","00","2","3","170190009013","17","019","000901","3",1777,1777,6673.591,0.266273434471511,0.2662734,0.2662734,0,1777,858,919,1777,176,159,145,93,165,284,236,227,131,68,73,20,30.2,29.5,30.8,1777,725,734,12,91,1,133,81,1777,1527,651,715,5,91,1,0,64,250,74,19,7,0,0,133,17,652,444,233,211,47,164,208,164,44,1777,1777,1511,444,233,601,73,25,12,60,63,266,164,44,58,0,0,0,700,652,348,304,700,652,48,48,22,20,6
"Block Group 1","Block Group 1, Census Tract 9.02, Champaign County, Illinois","15091899","139","150","00","2","3","170190009021","17","019","000902","1",3862,3862,662.775,5.82701502864106,5.827069,5.827015,5.36682E-05,3862,1830,2032,3862,359,265,227,136,325,815,627,545,322,152,73,16,32.4,31.6,33,3862,2816,452,10,413,1,50,120,3862,3687,2713,447,8,410,1,4,104,175,103,5,2,3,0,46,16,1499,1035,862,173,38,135,464,329,135,3862,3862,3210,1035,862,1122,36,27,22,42,64,652,329,135,188,0,0,0,1588,1499,1192,307,1588,1499,89,89,41,44,4
"Block Group 2","Block Group 2, Census Tract 9.02, Champaign County, Illinois","4510921","0","150","00","2","3","170190009022","17","019","000902","2",1924,1924,1104.683,1.74167640931155,1.741676,1.741676,0,1924,940,984,1924,138,109,76,58,277,425,215,270,181,82,71,22,31.6,30.2,33.2,1924,1354,370,3,102,7,24,64,1924,1844,1302,366,2,102,6,6,60,80,52,4,1,0,1,18,4,918,398,273,125,29,96,520,412,108,1924,1816,1162,398,273,379,20,29,13,14,36,654,412,108,134,108,0,108,973,918,516,402,973,918,55,55,27,16,12
"Block Group 1","Block Group 1, Census Tract 10, Champaign County, Illinois","489458","0","150","00","2","3","170190010001","17","019","001000","1",644,644,3407.754,0.188980798366633,0.1889808,0.1889808,0,644,303,341,644,39,22,34,13,61,152,83,88,75,32,36,9,35.1,35.1,35.1,644,555,49,1,13,0,3,23,644,625,542,49,0,13,0,1,20,19,13,0,1,0,0,2,3,308,174,131,43,13,30,134,94,40,644,644,464,174,131,119,8,5,3,5,19,180,94,40,46,0,0,0,328,308,212,96,328,308,20,20,2,11,7
"Block Group 2","Block Group 2, Census Tract 10, Champaign County, Illinois","373638","0","150","00","2","3","170190010002","17","019","001000","2",597,597,4138.291,0.144262444459202,0.1442624,0.1442624,0,597,276,321,597,19,32,36,15,39,78,64,96,105,52,40,21,47.4,47,47.6,597,550,10,3,16,0,3,15,597,582,541,10,3,16,0,0,12,15,9,0,0,0,0,3,3,276,160,143,17,3,14,116,94,22,597,597,448,160,143,115,5,5,2,9,9,149,94,22,33,0,0,0,299,276,224,52,299,276,23,23,8,12,3
"Block Group 3","Block Group 3, Census Tract 10, Champaign County, Illinois","321717","0","150","00","2","3","170190010003","17","019","001000","3",638,638,5136.229,0.124215633431506,0.1242156,0.1242156,0,638,316,322,638,39,32,26,22,50,137,90,96,73,36,24,13,36.1,34.4,38,638,573,24,2,19,0,8,12,638,623,568,24,0,19,0,0,12,15,5,0,2,0,0,8,0,301,167,129,38,10,28,134,106,28,638,638,473,167,129,150,3,5,2,6,11,165,106,28,31,0,0,0,315,301,205,96,315,301,14,14,4,10,0
"Block Group 4","Block Group 4, Census Tract 10, Champaign County, Illinois","484580","0","150","00","2","3","170190010004","17","019","001000","4",1111,1111,5938.084,0.187097391957028,0.1870974,0.1870974,0,1111,558,553,1111,77,58,56,36,90,184,168,176,161,60,31,14,39,37.7,40.2,1111,957,105,9,12,0,5,23,1111,1084,941,101,7,12,0,2,21,27,16,4,2,0,0,3,2,515,270,213,57,13,44,245,202,43,1111,1111,815,270,213,270,21,7,1,7,26,296,202,43,51,0,0,0,546,515,357,158,546,515,31,31,6,11,14
"Block Group 5","Block Group 5, Census Tract 10, Champaign County, Illinois","838120","18780","150","00","2","3","170190010005","17","019","001000","5",1520,1520,4697.158,0.323599954903266,0.330851,0.3236,0.007250999,1520,702,818,1520,124,78,47,36,250,427,170,182,128,39,23,16,29.3,29.2,29.4,1520,838,438,2,182,0,14,46,1520,1468,803,437,2,182,0,2,42,52,35,1,0,0,0,12,4,762,306,152,154,20,134,456,378,78,1520,1404,862,306,152,304,25,14,11,17,33,542,378,78,86,116,116,0,802,762,97,665,802,762,40,40,31,5,4
"Block Group 1","Block Group 1, Census Tract 11, Champaign County, Illinois","1608109","0","150","00","2","3","170190011001","17","019","001100","1",1665,1665,2681.615,0.620894382522236,0.6208944,0.6208944,0,1665,793,872,1665,90,97,84,61,106,237,204,200,233,150,149,54,42.2,40.9,43.7,1665,1412,144,3,36,0,33,37,1665,1587,1376,143,1,34,0,2,31,78,36,1,2,2,0,31,6,763,457,384,73,23,50,306,250,56,1665,1665,1291,457,384,381,11,12,13,15,18,374,250,56,68,0,0,0,811,763,612,151,811,763,48,48,11,23,14
"Block Group 2","Block Group 2, Census Tract 11, Champaign County, Illinois","317485","0","150","00","2","3","170190011002","17","019","001100","2",675,675,5506.534,0.122581649026945,0.1225816,0.1225816,0,675,333,342,675,32,54,46,35,20,55,92,123,118,61,30,9,45.3,44.9,45.6,675,641,9,0,8,0,0,17,675,657,632,9,0,8,0,0,8,18,9,0,0,0,0,0,9,283,202,183,19,4,15,81,70,11,675,675,582,202,183,183,4,0,1,8,1,93,70,11,12,0,0,0,286,283,249,34,286,283,3,3,0,3,0
"Block Group 3","Block Group 3, Census Tract 11, Champaign County, Illinois","675326","0","150","00","2","3","170190011003","17","019","001100","3",1259,1259,4828.475,0.260744837427818,0.2607448,0.2607448,0,1259,611,648,1259,67,69,59,39,94,195,163,178,212,85,64,34,41.6,40.8,43,1259,1106,73,3,35,0,11,31,1259,1215,1081,71,2,35,0,0,26,44,25,2,1,0,0,11,5,588,331,270,61,20,41,257,185,72,1259,1259,925,331,270,277,9,4,12,4,18,334,185,72,77,0,0,0,608,588,439,149,608,588,20,20,6,12,2
"Block Group 1","Block Group 1, Census Tract 12.01, Champaign County, Illinois","523052","0","150","00","2","3","170190012011","17","019","001201","1",1124,1124,5565.692,0.201951514833273,0.2019515,0.2019515,0,1124,545,579,1124,84,95,88,41,147,258,154,102,75,40,30,10,28.6,28,29,1124,708,289,1,60,0,28,38,1124,1048,667,285,1,60,0,2,33,76,41,4,0,0,0,26,5,463,270,159,111,27,84,193,140,53,1124,1124,859,270,159,340,11,16,9,13,41,265,140,53,72,0,0,0,483,463,191,272,483,463,20,20,6,5,9
"Block Group 2","Block Group 2, Census Tract 12.01, Champaign County, Illinois","1278704","0","150","00","2","3","170190012012","17","019","001201","2",1341,1341,2716.167,0.4937103955694,0.4937104,0.4937104,0,1341,653,688,1341,118,109,109,71,116,242,160,163,160,67,20,6,30.9,30.2,32,1341,809,366,3,92,0,23,48,1341,1282,778,365,3,91,0,0,45,59,31,1,0,1,0,23,3,493,340,225,115,18,97,153,115,38,1341,1341,1148,340,225,459,39,13,7,27,38,193,115,38,40,0,0,0,512,493,374,119,512,493,19,19,5,8,6
"Block Group 3","Block Group 3, Census Tract 12.01, Champaign County, Illinois","736699","0","150","00","2","3","170190012013","17","019","001201","3",1100,1100,3867.233,0.284441086213527,0.2844411,0.2844411,0,1100,516,584,1100,81,69,81,55,133,188,134,127,120,49,48,15,31.5,29.9,33,1100,646,292,1,64,6,30,61,1100,1044,626,291,1,64,6,2,54,56,20,1,0,0,0,28,7,447,279,172,107,16,91,168,137,31,1100,1100,896,279,172,344,37,15,5,11,33,204,137,31,36,0,0,0,470,447,272,175,470,447,23,23,11,5,7
"Block Group 4","Block Group 4, Census Tract 12.01, Champaign County, Illinois","672738","0","150","00","2","3","170190012014","17","019","001201","4",1750,1750,6737.361,0.259745604998942,0.2597456,0.2597456,0,1750,821,929,1750,150,148,129,90,162,299,222,204,183,91,65,7,30.9,30.1,32,1750,1143,402,3,96,0,46,60,1750,1642,1101,396,3,95,0,3,44,108,42,6,0,1,0,43,16,649,462,290,172,45,127,187,143,44,1750,1750,1502,462,290,595,47,19,14,17,58,248,143,44,61,0,0,0,679,649,482,167,679,649,30,30,12,16,2
"Block Group 5","Block Group 5, Census Tract 12.01, Champaign County, Illinois","665130","0","150","00","2","3","170190012015","17","019","001201","5",1275,1275,4964.796,0.256808139651612,0.2568081,0.2568081,0,1275,590,685,1275,55,41,44,31,217,375,136,104,56,70,102,44,30.1,29.1,31,1275,820,186,5,211,0,14,39,1275,1235,795,183,5,210,0,3,39,40,25,3,0,1,0,11,0,759,241,149,92,22,70,518,418,100,1275,1275,647,241,149,197,4,19,5,15,17,628,418,100,110,0,0,0,811,759,73,686,811,759,52,52,47,4,1
"Block Group 1","Block Group 1, Census Tract 12.03, Champaign County, Illinois","530964","0","150","00","2","3","170190012031","17","019","001203","1",1044,1044,5092.525,0.2050063552418,0.2050064,0.2050064,0,1044,508,536,1044,65,60,83,43,69,156,135,134,132,75,63,29,38.1,36,39.6,1044,744,225,6,14,0,14,41,1044,995,720,219,6,14,0,1,35,49,24,6,0,0,0,13,6,392,252,167,85,23,62,140,110,30,1044,950,771,252,167,274,29,8,2,12,27,179,110,30,39,94,87,7,410,392,280,112,410,392,18,18,6,9,3
"Block Group 2","Block Group 2, Census Tract 12.03, Champaign County, Illinois","978977","0","150","00","2","3","170190012032","17","019","001203","2",2151,2151,5690.7,0.377985148965941,0.3779851,0.3779851,0,2151,1049,1102,2151,146,124,134,106,132,303,275,312,331,164,100,24,40.2,37.2,42.8,2151,1777,200,6,107,1,10,50,2151,2083,1726,196,6,107,1,0,47,68,51,4,0,0,0,10,3,875,623,516,107,28,79,252,215,37,2151,2151,1855,623,516,621,30,8,13,22,22,296,215,37,44,0,0,0,901,875,778,97,901,875,26,26,1,18,7
"Block Group 3","Block Group 3, Census Tract 12.03, Champaign County, Illinois","627607","0","150","00","2","3","170190012033","17","019","001203","3",654,654,2698.906,0.242320427739434,0.2423204,0.2423204,0,654,340,314,654,37,54,45,26,34,27,82,135,144,44,23,3,47,45.4,47.7,654,521,18,0,80,0,2,33,654,633,503,18,0,79,0,2,31,21,18,0,0,1,0,0,2,244,211,194,17,5,12,33,26,7,654,654,613,211,194,190,8,1,1,6,2,41,26,7,8,0,0,0,255,244,241,3,255,244,11,11,0,8,3
"Block Group 4","Block Group 4, Census Tract 12.03, Champaign County, Illinois","450134","0","150","00","2","3","170190012034","17","019","001203","4",743,743,4275.085,0.173797716437296,0.1737977,0.1737977,0,743,354,389,743,51,39,30,25,75,94,94,132,109,47,42,5,40.4,37.9,42.9,743,598,76,2,48,0,8,11,743,717,580,75,2,48,0,3,9,26,18,1,0,0,0,5,2,325,202,155,47,12,35,123,96,27,743,743,589,202,155,197,9,4,1,10,11,154,96,27,31,0,0,0,341,325,275,50,341,325,16,16,2,8,6
"Block Group 1","Block Group 1, Census Tract 12.04, Champaign County, Illinois","7607008","0","150","00","2","3","170190012041","17","019","001204","1",3622,3622,1233.197,2.9370823339722,2.937082,2.937082,0,3622,1791,1831,3622,210,311,304,164,231,302,519,674,568,244,83,12,41.3,41.3,41.3,3622,2639,245,8,619,0,23,88,3622,3541,2583,239,8,617,0,9,85,81,56,6,0,2,0,14,3,1290,1069,955,114,37,77,221,164,57,3622,3622,3338,1069,955,1209,9,16,26,28,26,284,164,57,63,0,0,0,1333,1290,1075,215,1333,1290,43,43,18,20,5
"Block Group 1","Block Group 1, Census Tract 12.05, Champaign County, Illinois","1334832","0","150","00","2","3","170190012051","17","019","001205","1",1748,1748,3391.662,0.515381538447282,0.5153815,0.5153815,0,1748,840,908,1748,114,88,105,71,125,363,224,256,244,81,48,29,35.3,34.2,36.4,1748,1338,138,6,193,0,12,61,1748,1706,1313,136,4,193,0,4,56,42,25,2,2,0,0,8,5,749,479,409,70,15,55,270,206,64,1748,1748,1406,479,409,452,13,15,10,13,15,342,206,64,72,0,0,0,790,749,508,241,790,749,41,41,16,23,2
"Block Group 2","Block Group 2, Census Tract 12.05, Champaign County, Illinois","20187646","528","150","00","2","3","170190012052","17","019","001205","2",621,621,79.67162,7.79449402854376,7.794698,7.794494,0.0002038619,621,313,308,621,38,26,49,25,99,158,84,56,53,25,7,1,28,27.7,28.6,621,489,29,4,75,0,10,14,621,578,460,29,0,75,0,0,14,43,29,0,4,0,0,10,0,284,145,114,31,7,24,139,93,46,621,621,431,145,114,143,3,6,2,9,9,190,93,46,51,0,0,0,297,284,101,183,297,284,13,13,6,2,5
"Block Group 3","Block Group 3, Census Tract 12.05, Champaign County, Illinois","2585369","13858","150","00","2","3","170190012053","17","019","001205","3",2668,2668,2672.767,0.998216594053718,1.003567,0.9982166,0.005350604,2668,1321,1347,2668,219,268,254,153,108,187,481,508,325,129,32,4,38.4,38.5,38.3,2668,1890,138,5,528,1,9,97,2668,2569,1815,138,3,527,1,4,81,99,75,0,2,1,0,5,16,849,772,730,42,10,32,77,66,11,2668,2668,2578,772,730,989,7,7,26,31,16,90,66,11,13,0,0,0,874,849,827,22,874,849,25,25,1,21,3
"Block Group 1","Block Group 1, Census Tract 12.06, Champaign County, Illinois","1267855","19959","150","00","2","3","170190012061","17","019","001206","1",1010,1010,2063.239,0.489521573072925,0.4972278,0.4895216,0.007706213,1010,497,513,1010,39,42,63,41,56,96,87,159,191,108,93,35,50.4,49.7,51.2,1010,889,36,0,57,0,10,18,1010,989,879,36,0,57,0,0,17,21,10,0,0,0,0,10,1,463,291,264,27,4,23,172,148,24,1010,1010,810,291,264,231,7,3,4,5,5,200,148,24,28,0,0,0,491,463,374,89,491,463,28,28,3,22,3
"Block Group 2","Block Group 2, Census Tract 12.06, Champaign County, Illinois","1244931","81721","150","00","2","3","170190012062","17","019","001206","2",821,821,1708.031,0.480670566813437,0.5122232,0.4806706,0.03155266,821,400,421,821,13,30,45,36,35,25,56,121,245,124,73,18,57,57.6,56.6,821,727,21,1,65,0,3,4,821,809,715,21,1,65,0,3,4,12,12,0,0,0,0,0,0,366,278,263,15,5,10,88,77,11,821,821,722,278,263,164,2,0,4,8,3,99,77,11,11,0,0,0,401,366,354,12,401,366,35,35,0,35,0
"Block Group 1","Block Group 1, Census Tract 13.01, Champaign County, Illinois","1697908","99","150","00","2","3","170190013011","17","019","001301","1",2130,2130,3249.101,0.655565971734232,0.6556042,0.655566,3.822412E-05,2130,1033,1097,2130,172,101,76,43,275,573,256,217,181,120,83,33,31,30.1,32.2,2130,1534,177,7,303,0,26,83,2130,2029,1473,173,5,302,0,4,72,101,61,4,2,1,0,22,11,1010,506,377,129,34,95,504,363,141,2130,2130,1444,506,377,472,15,18,14,14,28,686,363,141,182,0,0,0,1040,1010,484,526,1040,1010,30,30,12,7,11
"Block Group 2","Block Group 2, Census Tract 13.01, Champaign County, Illinois","579165","0","150","00","2","3","170190013012","17","019","001301","2",798,798,3568.604,0.223616866178531,0.2236169,0.2236169,0,798,379,419,798,37,33,44,25,54,85,73,118,135,108,68,18,49.5,49.2,49.9,798,697,21,0,54,1,8,17,798,780,687,20,0,54,1,4,14,18,10,1,0,0,0,4,3,363,240,209,31,12,19,123,106,17,798,798,656,240,209,177,2,3,6,8,11,142,106,17,19,0,0,0,372,363,308,55,372,363,9,9,1,8,0
"Block Group 3","Block Group 3, Census Tract 13.01, Champaign County, Illinois","675425","0","150","00","2","3","170190013013","17","019","001301","3",964,964,3696.559,0.260783061543142,0.2607831,0.2607831,0,964,471,493,964,60,56,65,34,58,106,122,134,140,84,83,22,43.7,40,45.7,964,807,95,5,38,0,8,11,964,939,790,95,2,38,0,6,8,25,17,0,3,0,0,2,3,406,277,237,40,9,31,129,110,19,964,960,804,277,237,257,10,3,4,4,12,156,110,19,27,4,0,4,425,406,333,73,425,406,19,19,1,10,8
"Block Group 4","Block Group 4, Census Tract 13.01, Champaign County, Illinois","776789","0","150","00","2","3","170190013014","17","019","001301","4",1266,1266,4221.127,0.299919922408907,0.2999199,0.2999199,0,1266,611,655,1266,81,53,59,46,144,207,120,147,143,102,124,40,38.7,34.1,43.1,1266,965,139,2,119,0,8,33,1266,1218,938,134,2,118,0,1,25,48,27,5,0,1,0,7,8,616,331,266,65,10,55,285,231,54,1266,1249,902,331,266,268,5,10,2,5,15,347,231,54,62,17,8,9,666,616,328,288,666,616,50,50,25,17,8
"Block Group 5","Block Group 5, Census Tract 13.01, Champaign County, Illinois","528908","35356","150","00","2","3","170190013015","17","019","001301","5",923,923,4519.801,0.204212529170019,0.2178636,0.2042125,0.01365103,923,427,496,923,41,33,42,33,54,97,88,132,186,132,68,17,51,49.8,51.6,923,790,45,1,53,0,10,24,923,891,772,45,0,53,0,2,19,32,18,0,1,0,0,8,5,443,264,231,33,5,28,179,161,18,923,923,722,264,231,193,9,6,4,7,8,201,161,18,22,0,0,0,463,443,399,44,463,443,20,20,0,20,0
"Block Group 1","Block Group 1, Census Tract 13.02, Champaign County, Illinois","1359883","0","150","00","2","3","170190013021","17","019","001302","1",1623,1623,3091.112,0.525053784032976,0.5250538,0.5250538,0,1623,714,909,1623,53,60,57,33,96,159,136,181,242,158,199,249,56.5,51.3,59.6,1623,1385,85,1,114,0,3,35,1623,1604,1370,85,1,114,0,0,34,19,15,0,0,0,0,3,1,778,368,323,45,15,30,410,382,28,1623,1448,1005,368,323,254,20,5,10,13,12,443,382,28,33,175,175,0,809,778,447,331,809,778,31,31,10,19,2
"Block Group 2","Block Group 2, Census Tract 13.02, Champaign County, Illinois","6172870","22223","150","00","2","3","170190013022","17","019","001302","2",2576,2576,1080.828,2.38335853293529,2.391939,2.383358,0.008580348,2576,1214,1362,2576,132,146,145,76,138,365,320,370,431,259,162,32,43.6,41.6,46.2,2576,2016,110,4,361,0,13,72,2576,2526,1985,107,2,361,0,4,67,50,31,3,2,0,0,9,5,1193,754,676,78,19,59,439,380,59,2576,2576,2066,754,676,572,14,5,9,19,17,510,380,59,71,0,0,0,1278,1193,851,342,1278,1193,85,85,22,52,11
"Block Group 1","Block Group 1, Census Tract 14, Champaign County, Illinois","4148423","0","150","00","2","3","170190014001","17","019","001400","1",3499,3499,2184.533,1.60171514308174,1.601715,1.601715,0,3499,1947,1552,3499,12,3,1,7,3359,86,20,3,6,2,0,0,19.5,19.5,19.4,3499,2627,202,14,358,19,165,114,3499,3224,2511,199,13,356,19,28,98,275,116,3,1,2,0,137,16,92,26,19,7,2,5,66,50,16,3499,153,71,26,19,19,0,1,0,0,6,82,50,16,16,3346,0,3346,159,92,0,92,159,92,67,67,61,6,0
"Block Group 2","Block Group 2, Census Tract 14, Champaign County, Illinois","1534845","53419","150","00","2","3","170190014002","17","019","001400","2",3378,3378,5700.236,0.592606992773712,0.6132322,0.592607,0.02062519,3378,1552,1826,3378,384,306,189,59,452,637,554,246,249,137,112,53,30.1,30.1,30.2,3378,2405,277,2,572,0,31,91,3378,3267,2334,270,1,571,0,2,89,111,71,7,1,1,0,29,2,1361,771,677,94,19,75,590,412,178,3378,3378,2510,771,677,987,13,9,6,25,22,868,412,178,278,0,0,0,1413,1361,661,700,1413,1361,52,52,33,18,1
"Block Group 1","Block Group 1, Census Tract 53, Champaign County, Illinois","2939269","27847","150","00","2","3","170190053001","17","019","005300","1",2114,2114,1862.788,1.13485815378295,1.14561,1.134858,0.01075179,2114,1181,933,2114,11,3,0,9,1511,504,23,16,19,11,5,2,22.6,23,22.1,2114,756,570,4,647,0,45,92,2114,2041,728,567,4,647,0,17,78,73,28,3,0,0,0,28,14,1444,50,24,26,8,18,1394,1092,302,2114,2114,131,50,24,23,1,15,3,4,11,1983,1092,302,589,0,0,0,1894,1444,34,1410,1894,1444,450,450,432,16,2
"Block Group 2","Block Group 2, Census Tract 53, Champaign County, Illinois","623132","39932","150","00","2","3","170190053002","17","019","005300","2",557,557,2315.117,0.24059262050635,0.2560104,0.2405926,0.01541783,557,273,284,557,34,44,43,34,62,92,76,67,60,24,13,8,31.6,30.5,32.8,557,241,245,2,26,0,11,32,557,543,234,245,2,26,0,7,29,14,7,0,0,0,0,4,3,242,123,67,56,11,45,119,99,20,557,557,414,123,67,157,28,8,7,8,16,143,99,20,24,0,0,0,299,242,100,142,299,242,57,57,46,3,8
"Block Group 3","Block Group 3, Census Tract 53, Champaign County, Illinois","308155","0","150","00","2","3","170190053003","17","019","005300","3",623,623,5236.204,0.118979315734281,0.1189793,0.1189793,0,623,270,353,623,46,43,56,32,62,51,59,74,91,69,33,7,37.6,34.3,40.8,623,31,578,6,0,0,1,7,623,608,29,575,1,0,0,0,3,15,2,3,5,0,0,1,4,247,156,64,92,12,80,91,81,10,623,623,517,156,64,215,41,7,4,13,17,106,81,10,15,0,0,0,271,247,158,89,271,247,24,24,8,6,10
"Block Group 4","Block Group 4, Census Tract 53, Champaign County, Illinois","745072","0","150","00","2","3","170190053004","17","019","005300","4",1089,1089,3785.536,0.287673919724725,0.2876739,0.2876739,0,1089,543,546,1089,71,36,30,39,280,232,84,109,87,57,44,20,27.5,25.7,30.5,1089,395,506,1,131,0,25,31,1089,1048,380,503,1,130,0,4,30,41,15,3,0,1,0,21,1,435,162,61,101,18,83,273,143,130,1089,946,488,162,61,184,30,9,8,12,22,458,143,130,185,143,143,0,549,435,130,305,549,435,114,114,101,5,8
"Block Group 1","Block Group 1, Census Tract 54.01, Champaign County, Illinois","2126745","29647","150","00","2","3","170190054011","17","019","005401","1",503,503,612.5624,0.82114087015075,0.8325877,0.8211409,0.01144677,503,257,246,503,30,26,31,10,46,73,62,80,68,55,14,8,41.2,39.8,42.5,503,438,42,2,5,0,8,8,503,479,421,42,1,5,0,2,8,24,17,0,1,0,0,6,0,233,121,73,48,14,34,112,88,24,503,503,362,121,73,137,6,4,2,8,11,141,88,24,29,0,0,0,249,233,171,62,249,233,16,16,7,4,5
"Block Group 2","Block Group 2, Census Tract 54.01, Champaign County, Illinois","574246","4116","150","00","2","3","170190054012","17","019","005401","2",736,736,3319.538,0.221717629579751,0.2233068,0.2217176,0.001589197,736,378,358,736,52,38,47,48,84,169,76,78,70,34,26,14,29.5,29.1,30,736,487,160,2,30,1,25,31,736,658,449,155,1,30,0,1,22,78,38,5,1,0,1,24,9,305,148,82,66,17,49,157,108,49,736,690,479,148,82,168,13,5,5,16,42,211,108,49,54,46,46,0,359,305,138,167,359,305,54,54,39,4,11
"Block Group 3","Block Group 3, Census Tract 54.01, Champaign County, Illinois","1151991","0","150","00","2","3","170190054013","17","019","005401","3",667,667,1499.597,0.444786230669795,0.4447862,0.4447862,0,667,301,366,667,27,38,30,17,54,109,66,89,94,69,54,20,43.8,43.8,43.8,667,506,89,6,30,1,10,25,667,636,496,86,4,30,1,0,19,31,10,3,2,0,0,10,6,334,161,117,44,10,34,173,144,29,667,667,462,161,117,138,17,3,5,5,16,205,144,29,32,0,0,0,391,334,200,134,391,334,57,57,49,5,3
"Block Group 4","Block Group 4, Census Tract 54.01, Champaign County, Illinois","488827","0","150","00","2","3","170190054014","17","019","005401","4",1113,1113,5897.09,0.188737167894214,0.1887372,0.1887372,0,1113,571,542,1113,124,99,61,30,115,228,137,146,91,61,15,6,30.1,30.4,29.7,1113,657,131,19,62,2,180,62,1113,725,486,125,11,62,2,2,37,388,171,6,8,0,0,178,25,458,245,136,109,41,68,213,183,30,1113,1113,861,245,136,329,33,24,5,26,63,252,183,30,39,0,0,0,486,458,258,200,486,458,28,28,18,7,3
"Block Group 5","Block Group 5, Census Tract 54.01, Champaign County, Illinois","426664","0","150","00","2","3","170190054015","17","019","005401","5",1151,1151,6986.941,0.164735898390263,0.1647359,0.1647359,0,1151,583,568,1151,66,31,23,5,263,454,116,88,62,27,8,8,27.5,27.9,27.1,1151,723,168,2,187,0,23,48,1151,1093,696,167,2,186,0,0,42,58,27,1,0,1,0,23,6,708,192,126,66,18,48,516,413,103,1151,1151,518,192,126,144,2,15,2,12,25,633,413,103,117,0,0,0,802,708,48,660,802,708,94,94,88,0,6
"Block Group 1","Block Group 1, Census Tract 54.02, Champaign County, Illinois","1312899","0","150","00","2","3","170190054021","17","019","005402","1",797,797,1572.261,0.50691315944321,0.5069132,0.5069132,0,797,385,412,797,64,55,66,31,65,122,111,108,104,49,11,11,34.7,34.7,34.8,797,617,29,4,29,0,86,32,797,624,534,29,4,29,0,0,28,173,83,0,0,0,0,86,4,322,200,126,74,15,59,122,97,25,797,797,648,200,126,233,29,12,2,16,30,149,97,25,27,0,0,0,347,322,283,39,347,322,25,25,4,19,2
"Block Group 2","Block Group 2, Census Tract 54.02, Champaign County, Illinois","12025560","75646","150","00","2","3","170190054022","17","019","005402","2",837,837,180.2677,4.64309487148203,4.672302,4.643095,0.02920708,837,430,407,837,42,30,36,29,74,88,81,136,173,90,48,10,47.8,48.8,47,837,753,42,2,15,0,9,16,837,821,748,42,1,15,0,2,13,16,5,0,1,0,0,7,3,371,246,196,50,16,34,125,91,34,837,837,671,246,196,181,9,2,7,12,18,166,91,34,41,0,0,0,395,371,279,92,395,371,24,24,6,12,6
"Block Group 3","Block Group 3, Census Tract 54.02, Champaign County, Illinois","1711500","0","150","00","2","3","170190054023","17","019","005402","3",1293,1293,1956.678,0.660813872496707,0.6608139,0.6608139,0,1293,633,660,1293,83,76,72,34,71,189,173,229,184,102,67,13,41.7,39.7,43.8,1293,1054,53,3,66,0,80,37,1293,1172,1015,53,3,66,0,10,25,121,39,0,0,0,0,70,12,567,365,286,79,22,57,202,169,33,1293,1293,1052,365,286,320,22,12,8,20,19,241,169,33,39,0,0,0,636,567,491,76,636,567,69,69,38,15,16
"Block Group 1","Block Group 1, Census Tract 55, Champaign County, Illinois","840956","0","150","00","2","3","170190055001","17","019","005500","1",653,653,2011.119,0.32469494067154,0.3246949,0.3246949,0,653,335,318,653,34,26,22,28,92,162,88,101,61,23,13,3,31.7,31.7,31.8,653,493,90,3,22,0,21,24,653,604,475,90,1,21,0,0,17,49,18,0,2,1,0,21,7,351,124,77,47,11,36,227,188,39,653,637,364,124,77,133,9,1,1,2,17,273,188,39,46,16,0,16,394,351,111,240,394,351,43,43,30,7,6
"Block Group 2","Block Group 2, Census Tract 55, Champaign County, Illinois","6785924","0","150","00","2","3","170190055002","17","019","005500","2",1272,1272,485.4851,2.62006001572208,2.62006,2.62006,0,1272,613,659,1272,72,68,58,38,99,140,146,200,213,142,83,13,46.1,44.4,46.8,1272,1046,76,5,66,0,31,48,1272,1208,1022,75,5,66,0,0,40,64,24,1,0,0,0,31,8,551,366,301,65,19,46,185,147,38,1272,1272,1040,366,301,299,15,11,14,13,21,232,147,38,47,0,0,0,591,551,443,108,591,551,40,40,12,18,10
"Block Group 3","Block Group 3, Census Tract 55, Champaign County, Illinois","1430842","0","150","00","2","3","170190055003","17","019","005500","3",1958,1958,3544.204,0.552451208268146,0.5524512,0.5524512,0,1958,932,1026,1958,137,111,125,94,223,286,219,244,181,118,82,138,35.1,31,39.8,1958,1075,733,6,42,1,25,76,1958,1867,1035,716,6,41,1,4,64,91,40,17,0,1,0,21,12,617,396,205,191,38,153,221,180,41,1958,1582,1309,396,205,520,59,14,21,42,52,273,180,41,52,376,376,0,657,617,393,224,657,617,40,40,17,18,5
"Block Group 4","Block Group 4, Census Tract 55, Champaign County, Illinois","771038","0","150","00","2","3","170190055004","17","019","005500","4",1132,1132,3802.493,0.297699448800535,0.2976995,0.2976995,0,1132,563,569,1132,90,57,46,39,94,255,146,170,129,55,36,15,34.2,34.4,34.1,1132,929,130,9,21,2,9,32,1132,1091,904,130,7,21,2,1,26,41,25,0,2,0,0,8,6,527,267,180,87,26,61,260,182,78,1132,1124,770,267,180,251,14,10,8,11,29,354,182,78,94,8,0,8,585,527,297,230,585,527,58,58,28,7,23
"Block Group 5","Block Group 5, Census Tract 55, Champaign County, Illinois","261583","0","150","00","2","3","170190055005","17","019","005500","5",620,620,6138.75,0.100997765240611,0.1009978,0.1009978,0,620,302,318,620,28,28,18,17,85,160,78,69,66,30,30,11,32.8,30.3,35,620,515,50,1,33,0,9,12,620,590,496,49,1,33,0,0,11,30,19,1,0,0,0,9,1,343,111,87,24,7,17,232,186,46,620,612,319,111,87,109,2,2,3,0,5,293,186,46,61,8,8,0,359,343,136,207,359,343,16,16,12,3,1
"Block Group 1","Block Group 1, Census Tract 56, Champaign County, Illinois","596159","0","150","00","2","3","170190056001","17","019","005600","1",1567,1567,6807.767,0.230178286540324,0.2301783,0.2301783,0,1567,730,837,1567,144,138,105,75,165,263,195,171,157,95,48,11,30.5,29.1,32.1,1567,759,646,10,37,0,52,63,1567,1451,708,642,2,36,0,4,59,116,51,4,8,1,0,48,4,635,383,213,170,28,142,252,210,42,1567,1567,1246,383,213,513,29,22,9,29,48,321,210,42,69,0,0,0,791,635,345,290,791,635,156,156,145,9,2
"Block Group 2","Block Group 2, Census Tract 56, Champaign County, Illinois","398590","0","150","00","2","3","170190056002","17","019","005600","2",1002,1002,6510.871,0.153896465929572,0.1538965,0.1538965,0,1002,455,547,1002,62,42,49,40,99,164,115,116,110,78,77,50,38.4,32.3,45.6,1002,722,181,7,34,0,27,31,1002,951,712,177,0,34,0,0,28,51,10,4,7,0,0,27,3,510,233,145,88,21,67,277,239,38,1002,1002,683,233,145,221,15,13,9,25,22,319,239,38,42,0,0,0,544,510,274,236,544,510,34,34,16,11,7
"Block Group 3","Block Group 3, Census Tract 56, Champaign County, Illinois","314145","0","150","00","2","3","170190056003","17","019","005600","3",632,632,5210.563,0.121292067762476,0.1212921,0.1212921,0,632,313,319,632,42,36,28,11,58,159,94,79,60,33,20,12,33,31.8,34.2,632,503,52,5,34,0,6,32,632,601,483,52,0,34,0,0,32,31,20,0,5,0,0,6,0,315,124,82,42,10,32,191,137,54,632,632,362,124,82,132,5,3,2,5,9,270,137,54,79,0,0,0,334,315,217,98,334,315,19,19,7,8,4
"Block Group 4","Block Group 4, Census Tract 56, Champaign County, Illinois","331021","0","150","00","2","3","170190056004","17","019","005600","4",1035,1035,8098.089,0.12780792806762,0.1278079,0.1278079,0,1035,533,502,1035,63,43,27,21,195,383,113,79,64,15,20,12,27.7,27.7,27.7,1035,662,97,2,195,2,27,50,1035,959,626,96,2,194,2,4,35,76,36,1,0,1,0,23,15,525,211,153,58,16,42,314,207,107,1035,1035,588,211,153,168,6,22,4,7,17,447,207,107,133,0,0,0,566,525,150,375,566,525,41,41,34,5,2
"Block Group 5","Block Group 5, Census Tract 56, Champaign County, Illinois","19265490","331","150","00","2","3","170190056005","17","019","005600","5",2617,2617,351.8207,7.43844759126297,7.438575,7.438447,0.0001277998,2617,1243,1374,2617,274,203,144,116,221,557,351,332,259,100,43,17,31,30.6,31.3,2617,1592,681,4,229,1,40,70,2617,2490,1508,678,2,226,1,11,64,127,84,3,2,3,0,29,6,1024,694,503,191,39,152,330,238,92,2617,2617,2182,694,503,815,30,29,16,39,56,435,238,92,105,0,0,0,1077,1024,709,315,1077,1024,53,53,18,30,5
"Block Group 1","Block Group 1, Census Tract 57.01, Champaign County, Illinois","634004","0","150","00","2","3","170190057011","17","019","005701","1",1368,1368,5588.456,0.24479032335285,0.2447903,0.2447903,0,1368,650,718,1368,109,70,63,37,154,249,128,155,147,107,96,53,35.1,34,36.4,1368,895,319,0,88,0,19,47,1368,1310,870,316,0,88,0,0,36,58,25,3,0,0,0,19,11,656,330,229,101,19,82,326,266,60,1368,1368,965,330,229,317,12,18,8,9,42,403,266,60,77,0,0,0,735,656,295,361,735,656,79,79,62,14,3
"Block Group 2","Block Group 2, Census Tract 57.01, Champaign County, Illinois","501024","0","150","00","2","3","170190057012","17","019","005701","2",1464,1464,7567.986,0.193446456122577,0.1934465,0.1934465,0,1464,727,737,1464,102,70,50,38,182,276,174,189,160,92,96,35,35.8,34,38,1464,861,323,13,147,0,52,68,1464,1327,818,310,4,146,0,2,47,137,43,13,9,1,0,50,21,766,327,213,114,22,92,439,364,75,1464,1464,924,327,213,291,22,10,11,20,30,540,364,75,101,0,0,0,920,766,270,496,920,766,154,154,102,21,31
"Block Group 3","Block Group 3, Census Tract 57.01, Champaign County, Illinois","599326","0","150","00","2","3","170190057013","17","019","005701","3",833,833,3599.811,0.23140107212852,0.2314011,0.2314011,0,833,427,406,833,37,51,41,24,39,84,89,132,160,101,54,21,50,47.2,51.4,833,682,31,0,83,0,15,22,833,800,662,31,0,83,0,5,19,33,20,0,0,0,0,10,3,360,256,234,22,6,16,104,89,15,833,833,699,256,234,182,6,2,6,7,6,134,89,15,30,0,0,0,375,360,337,23,375,360,15,15,2,10,3
"Block Group 4","Block Group 4, Census Tract 57.01, Champaign County, Illinois","876420","0","150","00","2","3","170190057014","17","019","005701","4",1401,1401,4140.222,0.338387668205413,0.3383877,0.3383877,0,1401,672,729,1401,79,72,66,52,108,162,152,235,209,136,112,18,45.6,42.9,47.5,1401,1134,91,3,132,0,16,25,1401,1371,1109,91,1,132,0,13,25,30,25,0,2,0,0,3,0,614,420,342,78,15,63,194,169,25,1401,1388,1165,420,342,341,12,7,9,5,29,223,169,25,29,13,0,13,644,614,436,178,644,614,30,30,9,11,10
"Block Group 1","Block Group 1, Census Tract 57.02, Champaign County, Illinois","17337221","44","150","00","2","3","170190057021","17","019","005702","1",3015,3015,450.4075,6.69393835029352,6.693955,6.693938,1.69885E-05,3015,1265,1750,3015,149,90,84,60,476,491,221,306,336,233,286,283,41.4,36.8,45.9,3015,2177,500,8,208,0,56,66,3015,2892,2119,495,8,208,0,13,49,123,58,5,0,0,0,43,17,1514,689,559,130,39,91,825,633,192,3015,2874,1808,689,559,472,12,14,9,18,35,1066,633,192,241,141,141,0,1664,1514,671,843,1664,1514,150,150,123,20,7
"Block Group 1","Block Group 1, Census Tract 58, Champaign County, Illinois","120615","1529","150","00","2","3","170190058001","17","019","005800","1",879,879,18874.93,0.046569713836512,0.04716006,0.04656971,0.0005903502,879,506,373,879,13,4,5,1,626,167,19,27,11,3,1,2,22.5,22.6,22.3,879,551,32,1,258,1,14,22,879,831,520,32,1,256,1,3,18,48,31,0,0,2,0,11,4,368,41,27,14,10,4,327,115,212,879,879,112,41,27,25,0,9,0,2,8,767,115,212,440,0,0,0,389,368,24,344,389,368,21,21,17,1,3
"Block Group 2","Block Group 2, Census Tract 58, Champaign County, Illinois","144523","0","150","00","2","3","170190058002","17","019","005800","2",739,739,13243.57,0.0558006446361914,0.05580064,0.05580064,0,739,372,367,739,14,3,10,2,465,122,42,25,33,5,12,6,22.9,23.4,22.5,739,586,25,2,89,0,12,25,739,700,563,24,1,89,0,2,21,39,23,1,1,0,0,10,4,320,56,44,12,6,6,264,112,152,739,739,145,56,44,35,0,4,0,2,4,594,112,152,330,0,0,0,337,320,46,274,337,320,17,17,9,6,2
"Block Group 3","Block Group 3, Census Tract 58, Champaign County, Illinois","177494","0","150","00","2","3","170190058003","17","019","005800","3",606,606,8842.736,0.0685308194478121,0.06853082,0.06853082,0,606,334,272,606,23,21,16,7,188,124,50,74,70,16,13,4,28.1,27.7,28.4,606,521,19,0,40,0,6,20,606,570,499,18,0,39,0,1,13,36,22,1,0,1,0,5,7,271,100,87,13,5,8,171,94,77,606,606,280,100,87,74,2,2,2,1,12,326,94,77,155,0,0,0,283,271,120,151,283,271,12,12,9,3,0
"Block Group 4","Block Group 4, Census Tract 58, Champaign County, Illinois","469827","0","150","00","2","3","170190058004","17","019","005800","4",1271,1271,7006.568,0.18140122656939,0.1814012,0.1814012,0,1271,648,623,1271,52,49,52,32,317,162,117,141,207,72,52,18,32.5,31.5,34.4,1271,1092,25,5,96,1,13,39,1271,1207,1042,23,5,96,1,5,35,64,50,2,0,0,0,8,4,532,288,248,40,11,29,244,158,86,1271,1162,769,288,248,216,4,7,0,0,6,393,158,86,149,109,0,109,557,532,348,184,557,532,25,25,4,15,6
"Block Group 5","Block Group 5, Census Tract 58, Champaign County, Illinois","524917","0","150","00","2","3","170190058005","17","019","005800","5",699,699,3448.929,0.202671595389631,0.2026716,0.2026716,0,699,338,361,699,35,39,47,28,61,82,107,102,103,53,20,22,39.5,38,40.6,699,607,13,0,56,0,4,19,699,677,587,13,0,56,0,2,19,22,20,0,0,0,0,2,0,326,183,165,18,7,11,143,121,22,699,699,519,183,165,159,2,3,2,0,5,180,121,22,37,0,0,0,354,326,275,51,354,326,28,28,3,20,5
"Block Group 1","Block Group 1, Census Tract 59, Champaign County, Illinois","233164","4848","150","00","2","3","170190059001","17","019","005900","1",1435,1435,15939.99,0.0900251275295484,0.09189695,0.09002513,0.001871823,1435,952,483,1435,0,0,0,3,1257,166,2,5,2,0,0,0,21.4,21.3,21.6,1435,765,53,1,534,0,37,45,1435,1354,727,51,0,534,0,3,39,81,38,2,1,0,0,34,6,351,27,7,20,8,12,324,110,214,1435,726,62,27,7,2,0,16,0,4,6,664,110,214,340,709,0,709,360,351,1,350,360,351,9,9,8,1,0
"Block Group 2","Block Group 2, Census Tract 59, Champaign County, Illinois","635368","0","150","00","2","3","170190059002","17","019","005900","2",1995,1995,8132.336,0.245316966719537,0.245317,0.245317,0,1995,1066,929,1995,1,0,0,1,1774,183,23,5,5,0,0,3,20.6,20.6,20.5,1995,1176,62,2,642,0,45,68,1995,1861,1104,59,2,640,0,4,52,134,72,3,0,2,0,41,16,454,20,12,8,3,5,434,315,119,1995,680,51,20,12,1,0,8,0,1,9,629,315,119,195,1315,0,1315,471,454,1,453,471,454,17,17,16,1,0
"Block Group 3","Block Group 3, Census Tract 59, Champaign County, Illinois","441880","0","150","00","2","3","170190059003","17","019","005900","3",2936,2936,17208.76,0.170610829084922,0.1706108,0.1706108,0,2936,955,1981,2936,4,4,9,11,2706,106,15,33,17,11,17,3,20.5,21,20.2,2936,1909,195,6,666,24,55,81,2936,2768,1815,193,5,662,24,4,65,168,94,2,1,4,0,51,16,531,52,32,20,5,15,479,214,265,2936,1050,142,52,32,23,0,12,1,5,17,908,214,265,429,1886,0,1886,537,531,49,482,537,531,6,6,0,4,2
"Block Group 1","Block Group 1, Census Tract 60, Champaign County, Illinois","1594775","0","150","00","2","3","170190060001","17","019","006000","1",2978,2978,4836.409,0.615746096120909,0.6157461,0.6157461,0,2978,1733,1245,2978,79,39,22,20,2290,347,135,27,16,2,1,0,19.7,19.7,19.7,2978,1150,420,3,1186,25,125,69,2978,2755,1049,410,1,1182,25,27,61,223,101,10,2,4,0,98,8,397,169,139,30,7,23,228,174,54,2978,772,489,169,139,150,0,6,13,9,3,283,174,54,55,2206,0,2206,518,397,0,397,518,397,121,121,118,2,1
"Block Group 2","Block Group 2, Census Tract 60, Champaign County, Illinois","9609697","8420","150","00","2","3","170190060002","17","019","006000","2",330,330,88.94099,3.7103249127023,3.713576,3.710325,0.00325098,330,174,156,330,33,12,12,5,32,129,56,18,14,12,5,2,30.5,29.8,30.9,330,127,21,1,169,0,7,5,330,313,118,21,0,169,0,0,5,17,9,0,1,0,0,7,0,156,77,63,14,3,11,79,47,32,330,330,215,77,63,66,1,1,2,2,3,115,47,32,36,0,0,0,284,156,19,137,284,156,128,128,122,4,2
"Block Group 2","Block Group 2, Census Tract 104, Champaign County, Illinois","143671991","83960","150","00","2","3","170190104002","17","019","010400","2",834,834,15.03459,55.4720655076394,55.50448,55.47206,0.03241714,834,437,397,834,60,43,41,30,74,104,108,151,123,55,28,17,42,38.2,45.2,834,730,15,2,6,0,70,11,834,736,703,15,1,6,0,1,10,98,27,0,1,0,0,69,1,342,234,194,40,10,30,108,76,32,834,834,688,234,194,203,9,8,6,12,22,146,76,32,38,0,0,0,412,342,246,96,412,342,70,70,19,39,12
"Block Group 5","Block Group 5, Census Tract 104, Champaign County, Illinois","1965289","0","150","00","2","3","170190104005","17","019","010400","5",1123,1123,1479.964,0.75880235738544,0.7588024,0.7588024,0,1123,545,578,1123,71,63,57,24,101,149,126,183,172,101,62,14,43.2,41.4,44.5,1123,1047,30,4,5,2,4,31,1123,1102,1036,30,3,5,2,2,24,21,11,0,1,0,0,2,7,496,316,247,69,17,52,180,144,36,1123,1123,901,316,247,268,19,5,12,6,28,222,144,36,42,0,0,0,534,496,367,129,534,496,38,38,12,16,10
"Block Group 2","Block Group 2, Census Tract 105, Champaign County, Illinois","97098393","109842","150","00","2","3","170190105002","17","019","010500","2",638,638,17.01792,37.4899003393066,37.53231,37.4899,0.04241024,638,314,324,638,38,32,44,31,43,51,71,129,88,58,37,16,45.9,46.4,45.5,638,625,2,2,2,0,0,7,638,635,624,2,2,2,0,0,5,3,1,0,0,0,0,0,2,248,188,167,21,8,13,60,49,11,638,638,564,188,167,177,10,2,3,7,10,74,49,11,14,0,0,0,269,248,216,32,269,248,21,21,11,4,6
"Block Group 1","Block Group 1, Census Tract 106.03, Champaign County, Illinois","16628221","783","150","00","2","3","170190106031","17","019","010603","1",1542,1542,240.1797,6.42019229432723,6.420495,6.420192,0.000302318,1542,765,777,1542,91,103,117,60,132,204,189,243,209,125,56,13,38.2,37.4,38.9,1542,1457,24,0,12,0,11,38,1542,1502,1426,24,0,12,0,4,36,40,31,0,0,0,0,7,2,648,415,271,144,40,104,233,184,49,1542,1542,1248,415,271,452,28,9,10,10,53,294,184,49,61,0,0,0,685,648,549,99,685,648,37,37,9,16,12
"Block Group 2","Block Group 2, Census Tract 106.03, Champaign County, Illinois","25719938","0","150","00","2","3","170190106032","17","019","010603","2",2517,2517,253.461,9.93052400242781,9.930524,9.930524,0,2517,1219,1298,2517,117,197,207,132,120,210,363,461,342,168,104,96,43.1,43.3,42.9,2517,2343,51,6,77,0,8,32,2517,2476,2310,51,6,77,0,0,32,41,33,0,0,0,0,8,0,975,735,685,50,15,35,240,198,42,2517,2517,2230,735,685,754,13,6,11,13,13,287,198,42,47,0,0,0,1062,975,796,179,1062,975,87,87,37,47,3
"Block Group 1","Block Group 1, Census Tract 106.04, Champaign County, Illinois","151416593","83344","150","00","2","3","170190106041","17","019","010604","1",1844,1844,31.54171,58.4622755008904,58.49445,58.46228,0.0321793,1844,968,876,1844,111,84,97,66,257,146,201,306,295,167,95,19,42.9,40.7,44.3,1844,1547,181,2,53,0,6,55,1844,1807,1517,181,2,53,0,0,54,37,30,0,0,0,0,6,1,786,511,417,94,30,64,275,187,88,1844,1844,1451,511,417,415,26,18,11,20,33,393,187,88,118,0,0,0,869,786,499,287,869,786,83,83,32,17,34
"Block Group 2","Block Group 2, Census Tract 106.04, Champaign County, Illinois","106818679","3293","150","00","2","3","170190106042","17","019","010604","2",1307,1307,31.69028,41.2429246776433,41.2442,41.24292,0.001271434,1307,651,656,1307,65,75,78,67,97,143,177,220,197,100,67,21,42.8,42.3,43.3,1307,1214,27,5,31,0,12,18,1307,1287,1212,27,4,30,0,0,14,20,2,0,1,1,0,12,4,536,366,298,68,27,41,170,135,35,1307,1307,1099,366,298,333,30,1,3,23,45,208,135,35,38,0,0,0,581,536,393,143,581,536,45,45,17,7,21
"Block Group 5","Block Group 5, Census Tract 107, Champaign County, Illinois","11046113","75093","150","00","2","3","170190107005","17","019","010700","5",781,781,183.1215,4.26492825449384,4.293922,4.264928,0.02899357,781,394,387,781,64,58,54,39,55,108,101,138,103,37,17,7,36.3,35.7,37.1,781,756,2,0,1,0,3,19,781,774,752,2,0,1,0,0,19,7,4,0,0,0,0,3,0,285,224,181,43,18,25,61,48,13,781,781,704,224,181,256,14,1,2,5,21,77,48,13,16,0,0,0,303,285,225,60,303,285,18,18,11,6,1
"Block Group 6","Block Group 6, Census Tract 107, Champaign County, Illinois","170642343","463755","150","00","2","3","170190107006","17","019","010700","6",1577,1577,23.93551,65.8853770751061,66.06443,65.88538,0.1790568,1577,780,797,1577,75,108,139,77,92,113,246,273,222,152,61,19,42.6,42.9,42.3,1577,1556,1,3,9,1,0,7,1577,1565,1547,1,3,7,1,0,6,12,9,0,0,2,0,0,1,583,494,455,39,15,24,89,80,9,1577,1577,1479,494,455,480,18,4,3,10,15,98,80,9,9,0,0,0,605,583,522,61,605,583,22,22,1,9,12
"Block Group 2","Block Group 2, Census Tract 108, Champaign County, Illinois","76808265","315413","150","00","2","3","170190108002","17","019","010800","2",865,865,29.16795,29.6558377876654,29.77762,29.65584,0.1217816,865,440,425,865,53,68,68,37,52,90,110,143,133,64,36,11,40.5,40,40.9,865,852,4,0,2,0,0,7,865,855,846,3,0,1,0,0,5,10,6,1,0,1,0,0,2,339,255,218,37,12,25,84,64,20,865,865,755,255,218,253,4,2,3,8,12,110,64,20,26,0,0,0,358,339,302,37,358,339,19,19,4,9,6
"Block Group 1","Block Group 1, Census Tract 109, Champaign County, Illinois","1309294","0","150","00","2","3","170190109001","17","019","010900","1",1016,1016,2009.807,0.505521261102368,0.5055212,0.5055212,0,1016,501,515,1016,63,99,92,40,65,102,134,161,125,71,45,19,38.4,38.1,38.9,1016,1002,5,2,0,0,0,7,1016,1015,1001,5,2,0,0,0,7,1,1,0,0,0,0,0,0,378,292,242,50,22,28,86,76,10,1016,1016,918,292,242,330,18,2,3,8,23,98,76,10,12,0,0,0,399,378,341,37,399,378,21,21,2,13,6
"Block Group 2","Block Group 2, Census Tract 109, Champaign County, Illinois","93628476","6351","150","00","2","3","170190109002","17","019","010900","2",938,938,25.94733,36.15015976908,36.15261,36.15016,0.002452135,938,478,460,938,65,66,73,43,84,107,126,168,113,62,23,8,38.3,37,39.2,938,912,3,1,3,0,1,18,938,933,908,3,1,3,0,0,18,5,4,0,0,0,0,1,0,343,276,232,44,15,29,67,52,15,938,935,845,276,232,290,10,6,4,11,16,90,52,15,23,3,0,3,357,343,298,45,357,343,14,14,1,8,5
"Block Group 3","Block Group 3, Census Tract 109, Champaign County, Illinois","2610655","0","150","00","2","3","170190109003","17","019","010900","3",1112,1112,1103.197,1.00797957365053,1.00798,1.00798,0,1112,553,559,1112,68,82,89,48,78,119,176,199,118,68,51,16,39.4,38.2,40,1112,1075,7,3,5,0,4,18,1112,1097,1066,7,3,5,0,0,16,15,9,0,0,0,0,4,2,451,308,243,65,16,49,143,120,23,1112,1112,941,308,243,326,25,6,8,7,18,171,120,23,28,0,0,0,475,451,346,105,475,451,24,24,14,2,8
"Block Group 4","Block Group 4, Census Tract 109, Champaign County, Illinois","3778812","0","150","00","2","3","170190109004","17","019","010900","4",735,735,503.7671,1.45900753208123,1.459008,1.459008,0,735,379,356,735,54,47,57,30,63,89,108,121,77,60,25,4,37.4,35.9,38.7,735,725,4,0,2,0,0,4,735,731,723,4,0,1,0,0,3,4,2,0,0,1,0,0,1,294,206,157,49,18,31,88,70,18,735,735,624,206,157,224,7,1,2,10,17,111,70,18,23,0,0,0,315,294,251,43,315,294,21,21,4,10,7
"Block Group 5","Block Group 5, Census Tract 109, Champaign County, Illinois","54277946","58118","150","00","2","3","170190109005","17","019","010900","5",3232,3232,154.2218,20.9568322324273,20.97927,20.95683,0.02243949,3232,1569,1663,3232,222,209,184,96,603,611,414,380,269,159,68,17,29.3,30.2,28.5,3232,2927,125,12,84,0,17,67,3232,3168,2885,119,10,83,0,9,62,64,42,6,2,1,0,8,5,1341,731,585,146,47,99,610,361,249,3232,3216,2246,731,585,787,30,21,12,20,60,970,361,249,360,16,0,16,1421,1341,750,591,1421,1341,80,80,18,41,21
"Block Group 6","Block Group 6, Census Tract 109, Champaign County, Illinois","127112242","20110","150","00","2","3","170190109006","17","019","010900","6",563,563,11.47146,49.078312331949,49.08608,49.07831,0.007764515,563,273,290,563,31,40,42,20,39,57,65,114,88,47,15,5,43.2,45.8,40.3,563,544,2,1,3,0,0,13,563,560,541,2,1,3,0,0,13,3,3,0,0,0,0,0,0,215,164,142,22,10,12,51,41,10,563,563,501,164,142,163,7,5,5,6,9,62,41,10,11,0,0,0,247,215,181,34,247,215,32,32,3,7,22
"Block Group 1","Block Group 1, Census Tract 110, Champaign County, Illinois","236338","0","150","00","2","3","170190110001","17","019","011000","1",726,726,7956.111,0.0912506158329691,0.09125061,0.09125061,0,726,378,348,726,11,11,10,9,150,294,88,58,51,22,15,7,29.7,31.4,28.5,726,595,40,6,54,0,17,14,726,678,563,40,3,54,0,5,13,48,32,0,3,0,0,12,1,508,82,54,28,9,19,426,356,70,726,722,213,82,54,49,2,8,0,4,14,509,356,70,83,4,3,1,528,508,92,416,528,508,20,20,11,6,3
"Block Group 2","Block Group 2, Census Tract 110, Champaign County, Illinois","377819","0","150","00","2","3","170190110002","17","019","011000","2",883,883,6053.056,0.145876737652839,0.1458767,0.1458767,0,883,449,434,883,45,35,36,26,96,273,137,98,84,36,13,4,30.8,31.4,30.5,883,634,172,1,42,2,10,22,883,845,605,172,1,42,2,1,22,38,29,0,0,0,0,9,0,468,170,98,72,24,48,298,218,80,883,883,487,170,98,169,15,5,3,9,18,396,218,80,98,0,0,0,506,468,167,301,506,468,38,38,21,5,12
"Block Group 3","Block Group 3, Census Tract 110, Champaign County, Illinois","287079","0","150","00","2","3","170190110003","17","019","011000","3",794,794,7163.361,0.110841826294176,0.1108418,0.1108418,0,794,432,362,794,30,16,29,34,128,245,88,108,66,29,14,7,30.1,30.3,29.9,794,630,97,3,27,0,15,22,794,753,620,87,1,27,0,0,18,41,10,10,2,0,0,15,4,482,125,92,33,14,19,357,299,58,794,764,343,125,92,101,4,8,0,2,11,421,299,58,64,30,30,0,540,482,147,335,540,482,58,58,24,8,26
"Block Group 4","Block Group 4, Census Tract 110, Champaign County, Illinois","267357","0","150","00","2","3","170190110004","17","019","011000","4",704,704,6819.913,0.103227119199008,0.1032271,0.1032271,0,704,359,345,704,37,26,36,20,110,177,88,92,80,20,15,3,31.1,31.3,30.9,704,588,56,0,33,0,14,13,704,661,563,55,0,33,0,0,10,43,25,1,0,0,0,14,3,370,132,91,41,11,30,238,186,52,704,704,379,132,91,142,0,2,0,2,10,325,186,52,87,0,0,0,387,370,141,229,387,370,17,17,5,8,4
"Block Group 5","Block Group 5, Census Tract 110, Champaign County, Illinois","730350","0","150","00","2","3","170190110005","17","019","011000","5",702,702,2489.452,0.28198972350451,0.2819897,0.2819897,0,702,445,257,702,10,5,11,5,103,236,71,88,108,31,26,8,33.9,34.4,32.4,702,480,154,2,35,0,11,20,702,670,463,153,2,35,0,2,15,32,17,1,0,0,0,9,5,441,48,35,13,7,6,393,342,51,702,579,114,48,35,22,0,6,1,1,1,465,342,51,72,123,10,113,560,441,51,390,560,441,119,119,112,2,5
"Block Group 1","Block Group 1, Census Tract 111, Champaign County, Illinois","631398","6647","150","00","2","3","170190111001","17","019","011100","1",923,923,3786.136,0.243784141084824,0.2463506,0.2437841,0.002566421,923,522,401,923,17,11,6,1,215,409,58,92,70,25,12,7,29.1,29.1,29.1,923,483,116,1,296,0,3,24,923,894,460,115,1,295,0,2,21,29,23,1,0,1,0,1,3,537,100,82,18,8,10,437,308,129,923,849,242,100,82,37,1,7,10,3,2,607,308,129,170,74,67,7,561,537,37,500,561,537,24,24,15,3,6
"Block Group 2","Block Group 2, Census Tract 111, Champaign County, Illinois","257235","0","150","00","2","3","170190111002","17","019","011100","2",503,503,5064.49,0.0993189929837513,0.099319,0.099319,0,503,300,203,503,0,0,0,0,366,135,2,0,0,0,0,0,22.5,22.6,22.4,503,135,11,1,332,0,5,19,503,492,133,11,1,332,0,0,15,11,2,0,0,0,0,5,4,286,19,13,6,3,3,267,93,174,503,503,38,19,13,0,0,5,0,1,0,465,93,174,198,0,0,0,289,286,1,285,289,286,3,3,3,0,0
"Block Group 3","Block Group 3, Census Tract 111, Champaign County, Illinois","194299","0","150","00","2","3","170190111003","17","019","011100","3",1359,1359,18115.35,0.075019266498532,0.07501927,0.07501927,0,1359,838,521,1359,10,2,2,2,1019,278,11,14,12,5,2,2,22.5,22.5,22.4,1359,651,35,1,616,0,30,26,1359,1292,615,33,0,616,0,3,25,67,36,2,1,0,0,27,1,651,47,22,25,13,12,604,203,401,1359,1359,126,47,22,19,1,15,0,6,16,1233,203,401,629,0,0,0,671,651,18,633,671,651,20,20,10,0,10
